track_id,genre,umap1,umap2,track_id,label,x,y
32081,Rock,8.482478,8.13483,32081,0,224.83449,107.13975
138317,Rock,8.1877,7.5518394,138317,0,206.08846,67.55837
125817,Rock,7.830398,11.172392,125817,2,183.36626,313.37076
117172,Rock,7.3623238,11.614587,117172,1,153.59964,343.39294
131789,Rock,9.71139,9.848545,131789,2,302.98563,223.49
125825,Rock,7.0263896,11.799353,125825,1,132.23631,355.93738
62586,Rock,9.177649,8.135751,62586,0,269.043,107.202225
133276,Rock,7.9232597,9.402632,133276,2,189.27168,193.21535
122400,Rock,8.23854,7.8324337,122400,0,209.32152,86.60893
38901,Rock,10.219133,6.5833936,38901,0,335.27496,1.8070952
126189,Rock,8.43438,8.696869,126189,0,221.77573,145.29855
4784,Rock,8.740041,7.235697,4784,0,241.21388,46.094315
1301,Rock,11.3497305,9.8061495,1301,3,407.17392,220.61162
90616,Rock,7.4216394,9.500644,90616,1,157.37175,199.86974
38914,Rock,11.673908,8.315801,38914,3,427.7896,119.42646
1425,Rock,8.841397,7.757718,1425,0,247.65952,81.536224
108021,Rock,5.509116,10.733772,108021,1,35.747154,283.59128
97279,Rock,6.380104,11.634148,97279,1,91.136566,344.721
122654,Rock,9.401323,7.457756,122654,0,283.26733,61.17072
152569,Rock,5.345693,11.051245,152569,1,25.354464,305.14563
71372,Rock,9.791376,8.685653,71372,0,308.07227,144.53705
133942,Rock,8.232141,9.517728,133942,2,208.91458,201.02963
133450,Rock,6.131792,10.019987,133450,1,75.34547,235.12984
134452,Rock,8.275855,7.9267993,134452,0,211.69455,93.015755
126718,Rock,7.004259,11.602294,126718,1,130.82895,342.55835
122166,Rock,8.353075,8.833321,122166,0,216.60526,154.56276
144801,Rock,7.8036885,7.9680176,144801,0,181.6677,95.81422
86482,Rock,6.543402,11.25492,86482,1,101.52132,318.97388
93956,Rock,8.760571,7.4382668,93956,0,242.51944,59.84752
12521,Rock,10.232762,8.196251,12521,0,336.1417,111.3098
145189,Rock,8.059713,11.278931,145189,2,197.94928,320.60406
90526,Rock,8.637166,10.032584,90526,2,234.67168,235.98509
122168,Rock,8.822317,9.202135,122168,0,246.44614,179.6029
9640,Rock,12.041564,9.864065,9640,3,451.17023,224.54373
120770,Rock,9.1739645,7.927073,120770,0,268.80872,93.03434
105141,Rock,9.341833,7.0755777,105141,0,279.48413,35.223255
120327,Rock,8.338512,9.088533,120327,0,215.67917,171.89008
252,Rock,6.253125,9.573574,252,1,83.0615,204.82124
134454,Rock,6.91367,8.593527,134454,1,125.068054,138.2823
86795,Rock,5.764017,8.748065,86795,1,51.957268,148.77444
122675,Rock,5.029199,9.901814,122675,1,5.227412,227.10666
122087,Rock,8.380959,9.19908,122087,0,218.37848,179.39552
90530,Rock,6.191576,8.926228,90530,1,79.147354,160.87054
114536,Rock,6.9604616,11.410419,114536,1,128.0437,329.5313
126585,Rock,5.8070145,9.482059,126585,1,54.691635,198.60791
125821,Rock,7.465296,11.302294,125821,1,160.14803,322.19025
122086,Rock,8.500458,9.13117,122086,0,225.97789,174.78485
127660,Rock,8.829775,11.549213,127660,2,246.92041,338.95453
145431,Rock,5.503054,11.016187,145431,1,35.361645,302.7654
1145,Rock,6.771962,9.168464,1145,1,116.05631,177.31683
1119,Rock,7.8256245,9.411857,1119,2,183.06268,193.84166
131795,Rock,9.454003,9.584591,131795,2,286.61746,205.56921
117614,Rock,6.8615146,11.817971,117614,1,121.75128,357.20145
116736,Rock,7.061423,11.693931,116736,1,134.4642,348.7799
75230,Rock,9.557882,8.079516,75230,0,293.2235,103.38427
126182,Rock,9.219629,7.0456643,126182,0,271.71274,33.19232
124392,Rock,8.769834,7.799215,124392,0,243.1085,84.353584
145020,Rock,9.241538,8.148328,145020,0,273.106,108.05613
117626,Rock,6.043803,10.424288,117626,1,69.74992,262.57925
125432,Rock,9.237617,7.1051407,125432,0,272.8566,37.23039
111747,Rock,5.0728774,10.020086,111747,1,8.005079,235.13657
122624,Rock,9.844955,9.245317,122624,3,311.47958,182.53471
10527,Rock,10.442407,10.7110815,10527,3,349.47375,282.05072
125819,Rock,8.069866,11.302784,125819,2,198.59494,322.22354
133544,Rock,6.2833495,10.905407,133544,1,84.98358,295.24417
122631,Rock,6.528245,9.971187,122631,1,100.55741,231.81659
75787,Rock,8.870532,8.01274,75787,0,249.51231,98.85059
150267,Rock,7.698927,11.786376,150267,2,175.00551,355.05634
143214,Rock,8.629627,8.52485,143214,0,234.19226,133.61957
129972,Rock,10.017355,9.078665,129972,3,322.4431,171.22006
111974,Rock,8.042104,7.8421383,111974,0,196.82942,87.267815
138282,Rock,8.796751,7.0407686,138282,0,244.8203,32.859936
1127,Rock,9.350564,9.172147,1127,0,280.03937,177.5669
38896,Rock,10.256226,6.624145,38896,0,337.63382,4.5738587
120299,Rock,8.566222,9.586981,120299,2,230.1601,205.73148
11092,Rock,8.65303,7.5023794,11092,0,235.68056,64.20036
95724,Rock,7.5960317,10.509059,95724,1,168.462,268.3347
138320,Rock,7.952079,7.772539,138320,0,191.1044,82.54248
126675,Rock,9.173554,9.851756,126675,2,268.78265,223.70802
115002,Rock,7.2932787,8.220193,115002,0,149.2088,112.93531
50449,Rock,9.35223,10.363459,50449,2,280.14532,258.44934
117886,Rock,8.691788,7.8336797,117886,0,238.14528,86.69353
14584,Rock,5.3806453,11.329378,14584,1,27.577204,324.0291
143220,Rock,8.3652,9.665868,143220,2,217.37634,211.08739
3698,Rock,8.592304,7.2962074,3698,0,231.81876,50.2026
131837,Rock,8.44988,11.503435,131837,2,222.76143,335.84647
112975,Rock,5.3448567,10.244625,112975,1,25.301275,250.38132
122621,Rock,6.2893877,9.316681,122621,1,85.36758,187.37984
116099,Rock,7.5990176,11.757569,116099,2,168.6519,353.10056
120514,Rock,8.045755,9.905047,120514,2,197.06165,227.32616
4108,Rock,8.087869,7.870105,4108,0,199.73979,89.166565
4838,Rock,8.471104,7.410578,4838,0,224.11115,57.967613
129088,Rock,8.814722,8.092667,129088,0,245.96313,104.27709
111147,Rock,5.8584566,10.435515,111147,1,57.963036,263.34155
141876,Rock,6.5319705,9.975176,141876,1,100.794334,232.08743
120312,Rock,8.494399,9.240634,120312,0,225.59259,182.21674
112527,Rock,9.449059,7.079009,112527,0,286.303,35.45622
114238,Rock,7.5481734,11.582176,114238,2,165.41852,341.19247
137605,Rock,8.490752,8.068459,137605,0,225.36067,102.633514
129187,Rock,6.7223377,11.102326,129187,1,112.900505,308.61374
91092,Rock,8.329442,7.547295,91092,0,215.10234,67.24985
38899,Rock,10.277544,6.556777,38899,0,338.98953,0.0
110650,Rock,8.261711,9.24629,110650,0,210.79509,182.60075
145887,Rock,6.4533644,9.608513,145887,1,95.79547,207.19336
14581,Rock,5.9935017,10.86543,14581,1,66.55106,292.53
4786,Rock,8.830705,7.255975,4786,0,246.97954,47.471058
106566,Rock,7.9442854,7.7397723,106566,0,190.60878,80.31782
67121,Rock,9.683159,9.937872,67121,2,301.19034,229.55473
131922,Rock,5.6582723,9.1168165,131922,1,45.232555,173.81032
117450,Rock,8.382603,7.8566833,117450,0,218.48303,88.255325
150265,Rock,7.155395,10.053685,150265,1,140.44026,237.41771
128504,Rock,9.624244,10.549342,128504,2,297.4437,271.06964
82464,Rock,7.988997,8.614314,82464,0,193.45216,139.69362
134445,Rock,7.2948813,9.299891,134445,1,149.31071,186.23994
116177,Rock,5.958222,9.441641,116177,1,64.30749,195.86382
125824,Rock,7.47261,11.797951,125824,1,160.61316,355.8422
133971,Rock,6.2013607,10.869826,133971,1,79.7696,292.8285
127648,Rock,8.625626,11.472612,127648,2,233.93779,333.7538
118058,Rock,7.1663227,11.742055,118058,1,141.1352,352.04724
82462,Rock,8.189182,9.596234,82462,2,206.1827,206.35973
135372,Rock,10.417044,8.008498,135372,0,347.86084,98.56259
122671,Rock,6.557944,8.90982,122671,1,102.446075,159.75655
131024,Rock,8.517948,9.875451,131024,2,227.09016,225.31676
115288,Rock,5.2535253,11.028747,115288,1,19.49316,303.61816
66394,Rock,8.252808,7.490285,66394,0,210.22888,63.37922
126214,Rock,6.190145,11.505618,126214,1,79.05636,335.9947
122651,Rock,9.105792,9.657705,122651,2,264.4734,210.53322
122645,Rock,5.8604507,10.501875,122645,1,58.089848,267.84692
115475,Rock,7.475565,11.897863,115475,1,160.80107,362.62564
690,Rock,10.750923,9.043878,690,3,369.0935,168.85823
127498,Rock,7.9701443,11.783552,127498,2,192.25325,354.86462
129040,Rock,7.395813,11.3540745,129040,1,155.72934,325.70584
255,Rock,8.083022,8.437475,255,0,199.43158,127.687386
116757,Rock,8.474889,9.4006405,116757,2,224.35185,193.08015
139774,Rock,9.432145,7.995525,139774,0,285.22742,97.681786
111149,Rock,5.1695685,10.897491,111149,1,14.154035,294.70676
116464,Rock,8.462726,11.380585,116464,2,223.57835,327.5057
127499,Rock,8.845205,11.012248,127499,2,247.90169,302.49802
147412,Rock,9.235192,7.4201818,147412,0,272.70242,58.619663
116488,Rock,7.2250547,11.712565,116488,1,144.87018,350.04507
63191,Rock,8.712026,7.654636,63191,0,239.43228,74.537605
150268,Rock,7.7223506,11.765005,150268,2,176.4951,353.6054
125814,Rock,6.379117,11.67908,125814,1,91.0738,347.77164
113311,Rock,10.023643,9.329666,113311,3,322.84296,188.26144
58541,Rock,9.08523,7.693517,58541,0,263.16577,77.17739
104062,Rock,10.601522,8.263105,104062,3,359.59253,115.84879
122079,Rock,8.095615,9.3032675,122079,2,200.23242,186.46915
134455,Rock,8.653463,8.159907,134455,0,235.70808,108.8423
129186,Rock,7.256905,12.197956,129186,1,146.89566,383.0
48990,Rock,7.9156356,9.81119,48990,2,188.78683,220.95381
130989,Rock,6.3072577,10.528527,130989,1,86.50399,269.65646
38886,Rock,10.282911,6.7274675,38886,0,339.33084,11.588797
120778,Rock,7.3943005,9.042891,120778,1,155.63316,168.79121
139534,Rock,6.6210713,9.222155,139534,1,106.460594,180.9621
123485,Rock,5.6767573,8.959608,123485,1,46.40809,163.13687
130929,Rock,5.504427,11.533394,130929,1,35.448948,337.88046
72288,Rock,8.381056,7.4030385,72288,0,218.38466,57.455746
117251,Rock,5.632356,11.2432995,117251,1,43.58445,318.1849
136276,Rock,8.388024,9.068441,136276,0,218.82782,170.52596
90617,Rock,7.642133,9.224374,90617,1,171.39378,181.11278
4482,Rock,8.947725,6.9859796,4482,0,254.42133,29.14011
97285,Rock,6.5875416,10.329609,97285,1,104.32831,256.15118
126588,Rock,7.0850577,9.993656,126588,1,135.96724,233.34213
126240,Rock,6.7406216,8.768605,126240,1,114.06324,150.169
122395,Rock,8.601054,7.356974,122395,0,232.3752,54.32827
38891,Rock,10.298285,6.6764803,38891,0,340.3085,8.127089
124391,Rock,9.034547,8.3372755,124391,0,259.94263,120.88447
122622,Rock,5.4122343,10.045975,122622,1,29.58607,236.89423
114076,Rock,6.116622,11.192387,114076,1,74.380745,314.72827
139775,Rock,5.410536,10.894497,139775,1,29.478056,294.50345
72456,Rock,8.575071,7.8997355,72456,0,230.72284,91.17829
149139,Rock,8.067662,11.31521,149139,2,198.45477,323.0672
68407,Rock,10.659404,8.794814,68407,3,363.27344,151.94841
4302,Rock,8.635161,7.4676075,4302,0,234.5442,61.83957
115290,Rock,7.472227,7.9089108,115290,0,160.5888,91.80124
117611,Rock,6.7229795,11.80302,117611,1,112.94132,356.18634
123487,Rock,6.389557,10.108015,123487,1,91.73771,241.10637
115892,Rock,7.866597,11.857313,115892,2,185.66829,359.87253
122644,Rock,9.241672,8.083053,122644,0,273.11447,103.62436
145199,Rock,9.128275,7.2983546,145199,0,265.90317,50.34838
126218,Rock,5.3859034,11.36055,126218,1,27.911585,326.14548
108019,Rock,6.837628,11.189339,108019,1,120.23224,314.52133
131787,Rock,5.418556,9.235417,131787,1,29.988104,181.86256
125657,Rock,6.949831,11.863396,125657,1,127.36766,360.2855
59876,Rock,8.659235,10.052969,59876,2,236.07513,237.3691
126882,Rock,7.566477,11.848733,126882,2,166.5825,359.28998
73100,Rock,9.738802,9.289711,73100,3,304.72888,185.54875
135369,Rock,8.733405,8.607447,135369,0,240.79189,139.22736
120305,Rock,8.461458,8.266712,120305,0,223.49776,116.093666
788,Rock,9.872375,7.591808,788,0,313.22327,70.27198
133681,Rock,7.14355,8.815804,133681,1,139.68698,153.37346
133274,Rock,8.67009,9.768929,133274,2,236.76543,218.08456
10406,Rock,7.334555,10.626726,10406,1,151.83372,276.32355
75782,Rock,8.831189,8.130221,75782,0,247.01035,106.82681
126516,Rock,10.322821,6.819011,126516,0,341.86884,17.804028
125681,Rock,7.1138616,11.89755,125681,1,137.79898,362.6043
114231,Rock,6.846336,11.866511,114231,1,120.78602,360.497
51301,Rock,8.700909,9.158311,51301,0,238.72531,176.62752
84736,Rock,5.8917093,10.623725,84736,1,60.0777,276.11978
106872,Rock,9.065718,8.773296,106872,0,261.9249,150.4875
131979,Rock,8.921854,7.268157,131979,0,252.77606,48.298157
137722,Rock,9.480335,7.410122,137722,0,288.292,57.936665
141074,Rock,7.7977204,9.633482,141074,2,181.28816,208.8886
3950,Rock,8.572751,8.339004,3950,0,230.57529,121.00179
1706,Rock,8.265146,7.91017,1706,0,211.01353,91.88674
130927,Rock,8.862563,8.805447,130927,0,249.00554,152.67029
1424,Rock,8.98376,7.3120265,1424,0,256.7129,51.276615
114069,Rock,7.1108727,11.237629,114069,1,137.60892,317.79993
129096,Rock,8.425734,8.276662,129096,0,221.22589,116.76919
126587,Rock,5.8414774,10.538766,126587,1,56.883263,270.3516
133275,Rock,8.973356,8.837137,133275,0,256.0513,154.82188
116526,Rock,7.5379505,7.879006,116526,0,164.7684,89.77089
114535,Rock,8.687568,11.15583,114535,2,237.87692,312.24634
133432,Rock,6.9475384,8.616487,133432,1,127.22186,139.84111
143941,Rock,6.9191785,8.63779,143941,1,125.41835,141.28746
129189,Rock,7.29659,12.152728,129189,1,149.41937,379.92932
126229,Rock,5.813291,10.609972,126229,1,55.090786,275.18604
108026,Rock,6.318955,9.479629,108026,1,87.24786,198.44293
126519,Rock,8.04882,8.873283,126519,0,197.2565,157.27597
133968,Rock,8.217593,9.036485,133968,0,207.98946,168.35631
93950,Rock,9.089863,7.0455813,93950,0,263.4604,33.18669
121475,Rock,6.641929,11.447042,121475,1,107.78702,332.01776
120322,Rock,7.8410482,9.316291,120322,2,184.04353,187.35335
133448,Rock,7.918241,7.842749,133448,0,188.95251,87.30929
110167,Rock,8.75702,7.508256,110167,0,242.29366,64.59934
125809,Rock,5.562845,11.416765,125809,1,39.163986,329.96213
133441,Rock,8.319183,7.7228804,133441,0,214.44997,79.17097
38882,Rock,10.23085,6.601547,38882,0,336.02008,3.0395808
150266,Rock,7.8147845,10.039758,150266,2,182.37334,236.47212
128816,Rock,5.322391,11.236734,128816,1,23.872595,317.7392
131796,Rock,9.73472,8.391428,131796,0,304.4693,124.56107
14588,Rock,5.0085044,9.259739,14588,1,3.911356,183.51384
122634,Rock,7.776222,11.496318,122634,2,179.921,335.36325
116491,Rock,5.777061,9.128607,116491,1,52.786777,174.61081
128812,Rock,5.6607676,11.621035,128812,1,45.39124,343.83072
122646,Rock,7.452848,8.263838,122646,0,159.35641,115.89852
114236,Rock,7.3794327,12.038695,114236,1,154.68765,372.18723
128815,Rock,5.502885,11.39396,128815,1,35.35088,328.41382
106562,Rock,7.597034,8.319003,106562,0,168.52574,119.64389
120515,Rock,9.072891,7.78584,120515,0,262.3811,83.445526
143106,Rock,8.89244,7.2824364,143106,0,250.9055,49.26763
14586,Rock,6.215104,10.457398,14586,1,80.6436,264.82727
132436,Rock,11.598053,8.454588,132436,3,422.9657,128.84923
127662,Rock,6.172441,11.09517,127662,1,77.93049,308.12787
108017,Rock,6.6616073,9.20517,108017,1,109.03842,179.80893
126289,Rock,5.7019854,9.049848,126289,1,48.012436,169.26357
152570,Rock,5.400605,11.1352415,152570,1,28.84653,310.84848
39298,Rock,9.879003,10.315609,39298,2,313.64478,255.20067
91205,Rock,9.003778,9.980189,91205,2,257.98596,232.42781
119894,Rock,7.0171013,11.523703,119894,1,131.64563,337.2225
126887,Rock,6.5723324,11.74541,126887,1,103.3611,352.27502
115471,Rock,7.2713604,12.013299,115471,1,147.81493,370.46295
119896,Rock,7.065108,11.718853,119896,1,134.69855,350.47195
48931,Rock,10.109481,10.047803,48931,3,328.30176,237.01834
111151,Rock,6.471048,10.642904,111151,1,96.92003,277.42194
126520,Rock,6.7436438,10.907636,126520,1,114.25543,295.3955
129042,Rock,6.2349463,11.147964,129042,1,81.90543,311.71222
14740,Rock,8.391902,8.23465,14740,0,219.07442,113.91683
130084,Rock,8.169747,7.551053,130084,0,204.94676,67.50499
126415,Rock,8.520328,11.310203,126415,2,227.24149,322.7272
14736,Rock,8.9012985,8.617735,14736,0,251.46887,139.92587
145027,Rock,6.8032618,10.975601,145027,1,118.04677,300.00992
106567,Rock,8.115213,7.628834,106567,0,201.47874,72.785805
105144,Rock,11.190739,8.4788065,105144,3,397.06302,130.49352
134797,Rock,7.9558725,11.818679,134797,2,191.34566,357.2495
11544,Rock,9.170198,8.667632,11544,0,268.56924,143.31357
128888,Rock,6.886002,8.702155,128888,1,123.30854,145.65746
1891,Rock,8.458063,7.8817353,1891,0,223.28185,89.9562
137717,Rock,9.067384,7.3026657,137717,0,262.03085,50.641075
14745,Rock,5.9672284,9.3325205,14745,1,64.88024,188.45525
3492,Rock,5.5491924,11.145151,3492,1,38.295753,311.52127
125621,Rock,8.609881,11.244628,125621,2,232.93655,318.27512
111015,Rock,6.038196,9.604728,111015,1,69.39335,206.93637
84291,Rock,9.181013,7.144046,84291,0,269.257,39.8718
120329,Rock,7.899334,9.593286,120329,2,187.75015,206.15952
117252,Rock,6.425104,11.559157,117252,1,93.9983,339.62964
50446,Rock,8.221749,9.688549,50446,2,208.25375,212.6273
134791,Rock,5.926341,10.838948,134791,1,62.280064,290.73206
143218,Rock,6.825411,10.30426,143218,1,119.455315,254.43016
125820,Rock,7.4050264,12.053823,125820,1,156.31526,373.21432
108024,Rock,6.481663,9.977684,108024,1,97.5951,232.25772
116490,Rock,7.339905,12.004383,116490,1,152.17393,369.85764
122648,Rock,9.187936,7.51543,122648,0,269.6972,65.08641
122399,Rock,8.330054,7.469686,122399,0,215.14128,61.980686
112976,Rock,5.2781897,10.363585,112976,1,21.061663,258.45798
4377,Rock,5.5108495,8.907554,4377,1,35.85738,159.6027
4788,Rock,8.729218,7.4452577,4788,0,240.52559,60.32216
38887,Rock,10.2930355,6.636447,38887,0,339.9747,5.4090805
108967,Rock,8.780582,8.615078,108967,0,243.79207,139.74548
35534,Rock,9.068735,7.071415,35534,0,262.1168,34.940628
126886,Rock,6.8897796,11.488679,126886,1,123.54877,334.8446
122620,Rock,5.3815956,11.022375,122620,1,27.637638,303.18558
825,Rock,8.506787,7.941331,825,0,226.3804,94.00236
108882,Rock,8.445701,9.072097,108882,0,222.49567,170.77414
108970,Rock,8.55034,8.654908,108970,0,229.15007,142.44969
116871,Rock,7.363779,11.920407,116871,1,153.69218,364.15622
131925,Rock,7.638649,9.555861,131925,1,171.17221,203.61867
68410,Rock,9.99344,9.144439,68410,3,320.92224,175.6857
722,Rock,9.237133,7.6806707,722,0,272.82587,76.3052
72287,Rock,8.2244005,7.6390367,72287,0,208.42236,73.478516
142098,Rock,5.900876,10.449067,142098,1,60.66065,264.26163
1941,Rock,11.236332,8.5628605,1941,3,399.96246,136.20024
145059,Rock,7.702115,8.510804,145059,0,175.20825,132.66595
127520,Rock,6.791573,9.826526,127520,1,117.30344,221.99504
89704,Rock,8.110529,7.591615,89704,0,201.18083,70.258896
73099,Rock,8.475248,10.781614,73099,2,224.37473,286.83945
14580,Rock,8.731126,8.224469,14580,0,240.64694,113.22564
105119,Rock,8.662439,7.649719,105119,0,236.2789,74.20379
38888,Rock,10.266663,6.623387,38888,0,338.29755,4.5223837
126510,Rock,8.675618,9.053342,126510,0,237.117,169.5008
121474,Rock,6.8861003,11.544392,121474,1,123.31478,338.62717
108880,Rock,7.414053,9.700448,108880,1,156.8893,213.43517
116175,Rock,5.695755,9.484533,116175,1,47.616222,198.77594
105145,Rock,11.312281,8.402187,105145,3,404.79236,125.291565
126522,Rock,8.4274845,9.046767,126522,0,221.33723,169.05443
3766,Rock,8.64811,7.7206116,3766,0,235.36768,79.01693
16819,Rock,8.599754,8.147773,16819,0,232.29253,108.01845
131917,Rock,5.728402,10.499739,131917,1,49.69238,267.7019
110651,Rock,8.708212,11.038842,110651,2,239.18976,304.3036
114237,Rock,6.932098,11.785643,114237,1,126.239944,355.00656
120314,Rock,8.613067,9.225062,120314,0,233.13911,181.15952
87490,Rock,9.370879,7.0807924,87490,0,281.33127,35.577297
112978,Rock,5.279414,10.315764,112978,1,21.139534,255.21121
116101,Rock,7.39071,11.901905,116101,1,155.40482,362.90002
30636,Rock,11.080532,10.697765,30636,3,390.05457,281.14664
126219,Rock,7.2347527,11.895595,126219,1,145.48691,362.4716
129970,Rock,9.632044,9.66803,129970,2,297.93973,211.23418
110647,Rock,7.656155,7.910531,110647,0,172.28549,91.91125
115888,Rock,7.088471,11.851176,115888,1,136.1843,359.45587
133579,Rock,5.624132,10.352685,133579,1,43.061455,257.7179
129190,Rock,7.374295,10.641855,129190,1,154.36095,277.3507
1942,Rock,8.860576,7.559228,1942,0,248.87915,68.06001
133272,Rock,8.683869,8.8787365,133272,0,237.64172,157.64621
113574,Rock,9.485973,8.276188,113574,0,288.65054,116.73701
14742,Rock,8.65783,7.3871183,14742,0,235.9858,56.37487
40984,Rock,9.304614,7.469143,40984,0,277.11722,61.943813
126014,Rock,5.567678,11.330586,126014,1,39.47132,324.11115
38908,Rock,10.250164,6.562067,38908,0,337.24832,0.35915932
86486,Rock,6.330564,10.724145,86486,1,87.98613,282.93765
133972,Rock,9.49535,11.253296,133972,2,289.24683,318.86362
145777,Rock,5.3187857,9.352195,145777,1,23.643316,189.791
145762,Rock,5.3496814,9.125953,145762,1,25.608091,174.4306
20050,Rock,9.383142,9.522582,20050,2,282.11115,201.3592
121867,Rock,8.818045,7.318481,121867,0,246.17444,51.714832
117884,Rock,7.7837524,8.356253,117884,0,180.39989,122.1729
139537,Rock,6.6888304,9.214728,139537,1,110.769646,180.4579
836,Rock,9.196597,7.0460725,836,0,270.24802,33.220036
10541,Rock,9.620713,10.094734,10541,2,297.21918,240.20468
4766,Rock,7.911321,8.23188,4766,0,188.51247,113.7288
8208,Rock,8.816807,8.141678,8208,0,246.09572,107.60464
115289,Rock,6.4336195,9.28166,115289,1,94.53982,185.00215
126017,Rock,7.1882057,11.857654,126017,1,142.52681,359.89563
116756,Rock,8.328851,8.591113,116756,0,215.06474,138.11842
67557,Rock,6.5033484,9.902598,67557,1,98.974144,227.15988
122635,Rock,8.427375,11.333257,122635,2,221.33026,324.29245
115472,Rock,7.440633,11.849165,115472,1,158.5796,359.3193
86484,Rock,6.292027,11.486524,86484,1,85.535416,334.69827
132677,Rock,8.399077,9.600192,132677,2,219.53073,206.62843
133567,Rock,6.8098564,9.727128,133567,1,118.46615,215.24657
144600,Rock,8.442961,7.4407644,144600,0,222.32143,60.017097
143215,Rock,8.426466,8.635884,143215,0,221.27248,141.1581
38906,Rock,10.299666,6.6840124,38906,0,340.39636,8.638472
1167,Rock,8.667652,9.553041,1167,2,236.61041,203.4272
116489,Rock,7.3065953,11.975022,116489,1,150.05565,367.86423
138318,Rock,7.8793015,7.7695527,138318,0,186.47621,82.33972
114070,Rock,5.287727,10.332044,114070,1,21.66817,256.31647
116465,Rock,10.210383,10.852448,116465,2,334.71854,291.64862
75908,Rock,9.037724,8.861772,75908,0,260.14465,156.4944
119901,Rock,5.690578,9.077932,119901,1,47.287,171.17033
4779,Rock,8.806646,7.678386,4779,0,245.44957,76.15009
3765,Rock,8.603714,10.7886715,3765,2,232.54434,287.31857
35204,Rock,5.630365,11.047988,35204,1,43.457817,304.92453
122686,Rock,8.093526,9.780049,122686,2,200.09955,218.83958
133731,Rock,9.184889,8.197957,133731,0,269.50345,111.42564
12191,Rock,10.190929,9.394051,12191,3,333.48138,192.63274
80520,Rock,8.527686,9.5289755,80520,2,227.70944,201.79327
4785,Rock,8.998218,7.55487,4785,0,257.63232,67.764145
3762,Rock,8.731407,9.825555,3762,2,240.66483,221.92912
117610,Rock,6.875463,11.859096,117610,1,122.63832,359.99353
71371,Rock,9.0388775,7.0216804,71371,0,260.21805,31.563967
132310,Rock,7.007041,9.962067,132310,1,131.00586,231.1974
126666,Rock,9.045001,7.259641,126666,0,260.60745,47.719986
145477,Rock,8.61898,10.419303,145477,2,233.51518,262.2408
108878,Rock,8.329479,9.361118,108878,2,215.1047,190.39685
94034,Rock,7.3615184,10.424633,94034,1,153.54842,262.6027
4480,Rock,9.072799,6.83127,4480,0,262.3752,18.636335
131911,Rock,5.751708,10.699798,131911,1,51.174488,281.2846
3836,Rock,11.38682,9.267856,3836,3,409.53256,184.06491
105912,Rock,8.784026,8.39846,105912,0,244.01108,125.03853
116869,Rock,6.6350574,11.631661,116869,1,107.35002,344.55222
13327,Rock,9.661781,9.136346,13327,0,299.83084,175.13623
126186,Rock,9.18673,7.118939,126186,0,269.62054,38.167202
120317,Rock,7.974648,9.802347,120317,2,192.53966,220.35347
116467,Rock,7.6458154,12.02793,116467,2,171.62794,371.45633
80515,Rock,8.346521,8.890517,80515,0,216.18849,158.44604
126674,Rock,7.8102455,9.538353,126674,2,182.08467,202.42995
86481,Rock,6.118123,11.075079,86481,1,74.476204,306.76382
12214,Rock,7.7613344,11.46959,12214,2,178.97423,333.5486
1087,Rock,11.198966,8.719829,1087,3,397.58624,146.85738
14744,Rock,8.556101,7.5446978,14744,0,229.51643,67.0735
11916,Hiphop,11.914043,10.36487,11916,3,443.06073,258.54517
7482,Hiphop,9.562363,8.857609,7482,0,293.50842,156.21178
3320,Hiphop,10.883354,9.579999,3320,3,377.5153,205.25745
71230,Hiphop,10.614964,10.803279,71230,3,360.4473,288.31033
154307,Hiphop,10.804555,11.188513,154307,3,372.50415,314.46524
143290,Hiphop,9.357182,11.102547,143290,2,280.4602,308.6287
134510,Hiphop,10.612348,10.257885,134510,3,360.28094,251.28157
67784,Hiphop,10.674408,10.046578,67784,3,364.2276,236.93521
75371,Hiphop,9.3444,9.959156,75371,2,279.6474,230.99979
114048,Hiphop,8.679475,7.988909,114048,0,237.36226,97.23259
78851,Hiphop,10.453122,7.8877234,78851,0,350.1552,90.362755
63874,Hiphop,10.529791,10.791825,63874,3,355.03085,287.5327
141566,Hiphop,11.607793,9.981594,141566,3,423.58508,232.5232
98567,Hiphop,10.75964,10.149622,98567,3,369.64783,243.93121
5268,Hiphop,10.661946,10.867683,5268,3,363.43512,292.68298
63789,Hiphop,10.131698,8.4314785,63789,0,329.7146,127.28025
13768,Hiphop,9.839484,10.753624,13768,2,311.13165,284.9391
75377,Hiphop,11.27995,9.866782,75377,3,402.73633,224.7282
146716,Hiphop,10.059237,11.189763,146716,2,325.10654,314.55014
110085,Hiphop,11.144394,9.522876,110085,3,394.11578,201.37915
98584,Hiphop,10.39437,9.214933,98584,3,346.41895,180.47183
114041,Hiphop,8.324472,8.201467,114041,0,214.78632,111.66391
118569,Hiphop,10.851535,8.815631,118569,3,375.49176,153.36174
123986,Hiphop,9.592382,10.218937,123986,2,295.4175,248.63725
24430,Hiphop,10.084802,7.4282,24430,0,326.7323,59.164036
98552,Hiphop,10.522906,9.519278,98552,3,354.59305,201.13486
98621,Hiphop,8.591886,10.106216,98621,2,231.79213,240.98425
110744,Hiphop,10.316828,8.523553,110744,3,341.48773,133.53151
98617,Hiphop,9.187555,9.015211,98617,0,269.673,166.91196
134827,Hiphop,11.034685,10.067383,134827,3,387.139,238.3477
42046,Hiphop,9.931933,8.484674,42046,0,317.01083,130.8919
11774,Hiphop,9.699486,10.294633,11774,2,302.2286,253.77652
95910,Hiphop,10.993606,8.407497,95910,3,384.52658,125.652084
144740,Hiphop,11.472436,9.292314,144740,3,414.97723,185.72545
149690,Hiphop,11.196101,9.423718,149690,3,397.40405,194.647
123438,Hiphop,9.758931,10.284625,123438,2,306.00897,253.09706
36987,Hiphop,9.421466,8.431835,36987,0,284.54828,127.30447
144212,Hiphop,10.626503,9.6332655,144212,3,361.18115,208.8739
98574,Hiphop,9.534133,11.241359,98574,2,291.7132,318.05316
110775,Hiphop,11.260267,10.816032,110775,3,401.48462,289.1762
109687,Hiphop,10.571995,10.593716,109687,3,357.71475,274.08234
150287,Hiphop,10.296512,8.144592,150287,0,340.19574,107.802505
110779,Hiphop,11.883638,8.571249,110779,3,441.12714,136.76978
11822,Hiphop,10.817829,10.570093,11822,3,373.3483,272.47852
13566,Hiphop,9.151612,9.85917,13566,2,267.38727,224.21138
71231,Hiphop,10.536242,9.687405,71231,3,355.44107,212.5496
123645,Hiphop,8.752246,9.093677,123645,0,241.99005,172.23926
110266,Hiphop,10.381094,11.017475,110266,2,345.57465,302.8529
146149,Hiphop,10.663758,9.335528,146149,3,363.55035,188.65945
154305,Hiphop,7.361907,11.909498,154305,1,153.57314,363.41556
11861,Hiphop,10.971071,9.924478,11861,3,383.09354,228.64534
91309,Hiphop,10.314925,9.382047,91309,3,341.36673,191.81775
60037,Hiphop,7.0843935,10.544515,60037,1,135.925,270.74188
95915,Hiphop,10.271501,7.7609067,95915,0,338.6052,81.75271
108500,Hiphop,10.075683,8.688204,108500,0,326.1524,144.71025
58212,Hiphop,10.821867,9.003599,58212,3,373.60507,166.12358
43868,Hiphop,8.662125,7.2572002,43868,0,236.2589,47.55426
7490,Hiphop,9.475165,11.535688,7490,2,287.96323,338.03625
26011,Hiphop,11.737202,9.351963,26011,3,431.81467,189.77527
123965,Hiphop,11.005778,11.041956,123965,3,385.3007,304.51498
70208,Hiphop,11.461158,9.1696825,70208,3,414.26,177.39958
140625,Hiphop,11.564168,8.213555,140625,3,420.81082,112.48466
123439,Hiphop,9.159769,6.9950743,123439,0,267.90598,29.757584
140626,Hiphop,9.935287,10.859519,140626,2,317.22415,292.1287
71240,Hiphop,10.405267,10.649388,71240,3,347.1119,277.86215
10698,Hiphop,9.59971,8.490259,10698,0,295.8835,131.27109
72787,Hiphop,10.362197,8.56843,72787,3,344.37292,136.57837
132961,Hiphop,10.169982,10.672378,132961,2,332.14926,279.42297
107027,Hiphop,9.743792,9.635287,107027,3,305.04617,209.01117
22088,Hiphop,9.838158,8.851796,22088,0,311.04727,155.81712
60478,Hiphop,11.729642,8.690977,60478,3,431.33392,144.89854
75935,Hiphop,10.750343,10.992804,75935,3,369.0566,301.17786
75747,Hiphop,10.113362,10.329213,75747,3,328.54858,256.1243
123966,Hiphop,9.249596,11.326097,123966,2,273.6184,323.8063
64520,Hiphop,10.9630165,7.9956284,64520,3,382.58133,97.68881
98579,Hiphop,9.93326,10.718808,98579,2,317.0952,282.57532
72782,Hiphop,11.390498,8.956633,72782,3,409.76648,162.93486
49478,Hiphop,10.868057,11.204064,49478,3,376.5425,315.52112
108488,Hiphop,10.058666,9.845553,108488,3,325.07025,223.2869
84111,Hiphop,11.477172,8.227233,84111,3,415.2784,113.41328
149138,Hiphop,9.462879,10.440827,149138,2,287.18192,263.70218
26034,Hiphop,10.201065,10.133022,26034,3,334.12595,242.8042
128666,Hiphop,10.193575,7.248043,128666,0,333.6496,46.93255
13540,Hiphop,7.387319,9.004886,13540,1,155.18918,166.21094
11806,Hiphop,11.070602,8.121226,11806,3,389.4231,106.21611
103808,Hiphop,11.53971,8.202444,103808,3,419.25543,111.73028
24424,Hiphop,9.884677,7.6030207,24424,0,314.0056,71.03326
60472,Hiphop,11.692243,10.26185,60472,3,428.95557,251.5508
142084,Hiphop,9.820316,10.083532,142084,2,309.9127,239.44414
5,Hiphop,10.389384,9.4209,5,3,346.10187,194.45567
72781,Hiphop,6.383273,10.074461,72781,1,91.338104,238.82826
680,Hiphop,10.094217,10.932123,680,2,327.3311,297.05804
153337,Hiphop,11.616514,10.089424,153337,3,424.1397,239.84416
136468,Hiphop,11.12493,8.923693,136468,3,392.87802,160.69844
75399,Hiphop,11.296363,10.192944,75399,3,403.78006,246.87247
70775,Hiphop,11.126439,11.107144,70775,3,392.97397,308.94086
114045,Hiphop,9.828303,7.821533,114045,0,310.42062,85.86886
67232,Hiphop,9.468205,8.383559,67232,0,287.52063,124.02684
141569,Hiphop,11.237321,10.402819,141569,3,400.02536,261.12164
128494,Hiphop,10.738513,10.124644,128494,3,368.3043,242.23538
145744,Hiphop,10.988357,10.754905,145744,3,384.19278,285.02603
146724,Hiphop,10.088166,10.039664,146724,3,326.9463,236.46579
98550,Hiphop,10.469962,10.7668,98550,3,351.22614,285.83365
128668,Hiphop,9.870004,7.2887297,128668,0,313.0725,49.69491
130456,Hiphop,10.768027,8.967436,130456,3,370.1812,163.66832
74954,Hiphop,11.482327,9.504533,74954,3,415.60626,200.13377
107028,Hiphop,10.782121,10.840587,107028,3,371.07745,290.8433
78848,Hiphop,9.577002,10.794256,78848,2,294.4394,287.69775
70768,Hiphop,9.998787,9.586933,70768,3,321.2623,205.72823
22296,Hiphop,11.142664,9.666096,22296,3,394.00577,211.10287
61159,Hiphop,11.136456,10.353046,61159,3,393.61096,257.74243
130709,Hiphop,9.29666,11.220211,130709,2,276.61142,316.61737
94426,Hiphop,10.635181,10.473487,94426,3,361.73303,265.91956
56495,Hiphop,9.080956,7.9780354,56495,0,262.89398,96.49436
91315,Hiphop,11.184334,8.633315,91315,3,396.65573,140.98366
147024,Hiphop,11.112844,9.306797,147024,3,392.10944,186.70879
154308,Hiphop,8.939998,10.272746,154308,2,253.92989,252.29054
22091,Hiphop,9.18014,9.639901,22091,2,269.20142,209.32442
60476,Hiphop,9.644329,8.1802845,60476,0,298.72098,110.225784
114042,Hiphop,9.381451,9.59025,114042,2,282.00357,205.95343
98556,Hiphop,10.473014,10.087318,98556,3,351.4202,239.7012
10697,Hiphop,9.3889885,9.1125765,10697,0,282.4829,173.52245
75927,Hiphop,10.415098,10.935462,75927,3,347.73712,297.28473
60510,Hiphop,8.821992,8.994367,60510,0,246.42546,165.49675
6448,Hiphop,9.313722,9.412186,6448,2,277.6964,193.864
111934,Hiphop,9.787615,10.36141,111934,2,307.83307,258.31027
95911,Hiphop,10.386271,8.999173,95911,3,345.90393,165.82309
43860,Hiphop,9.154042,8.543584,43860,0,267.5418,134.89148
36992,Hiphop,11.0443325,8.117825,36992,3,387.7525,105.98515
149689,Hiphop,10.915231,9.786039,149689,3,379.54245,219.24628
11768,Hiphop,9.243434,9.24567,11768,0,273.22656,182.55867
146687,Hiphop,11.351873,10.78461,146687,3,407.3102,287.04282
123978,Hiphop,9.988122,11.426846,123978,2,320.58408,330.6465
14542,Hiphop,9.958894,8.025014,14542,0,318.72534,99.6839
89859,Hiphop,9.792454,8.000508,89859,0,308.1408,98.02013
75746,Hiphop,10.030179,10.608901,75746,2,323.25864,275.1133
4684,Hiphop,9.007377,7.1340938,4684,0,258.21478,39.196117
89846,Hiphop,11.2451315,10.626849,89846,3,400.52206,276.33188
11788,Hiphop,11.37204,8.440349,11788,3,408.59265,127.88248
108489,Hiphop,9.532951,10.784903,108489,2,291.63806,287.0627
61884,Hiphop,10.903624,9.975322,61884,3,378.8043,232.09734
123968,Hiphop,11.226527,10.607223,123968,3,399.33896,274.99936
56639,Hiphop,11.070531,9.293998,56639,3,389.41855,185.8398
138216,Hiphop,10.225631,8.60837,138216,3,335.68817,139.29004
75376,Hiphop,11.283,9.954999,75376,3,402.93027,230.71754
61161,Hiphop,11.104887,10.14376,61161,3,391.6034,243.5332
672,Hiphop,9.526666,10.640635,672,2,291.23834,277.26782
152545,Hiphop,10.798883,10.631859,152545,3,372.14346,276.672
97697,Hiphop,9.374955,11.0342045,97697,2,281.59048,303.9887
109681,Hiphop,10.679989,9.116329,109681,3,364.58252,173.77724
42040,Hiphop,10.651206,8.718623,42040,3,362.7521,146.77554
145730,Hiphop,8.870475,11.032559,145730,2,249.50867,303.877
144172,Hiphop,10.297249,8.130448,144172,0,340.2426,106.842224
83715,Hiphop,8.974306,9.691555,83715,2,256.1117,212.83139
146727,Hiphop,9.900305,9.918495,146727,3,314.99945,228.23918
83717,Hiphop,10.908369,8.816154,83717,3,379.10608,153.39722
142085,Hiphop,10.995786,10.69808,142085,3,384.66522,281.168
56640,Hiphop,10.616065,8.54352,56640,3,360.51736,134.88715
78839,Hiphop,11.750294,10.254216,78839,3,432.64725,251.03249
90987,Hiphop,9.749583,8.480911,90987,0,305.4145,130.63641
75755,Hiphop,11.1752405,8.916343,75755,3,396.07745,160.19943
11791,Hiphop,11.276939,8.421279,11791,3,402.54486,126.58777
11767,Hiphop,11.78324,8.747301,11767,3,434.74246,148.72258
105826,Hiphop,10.635765,8.66626,105826,3,361.77017,143.2204
64521,Hiphop,11.480632,9.046003,64521,3,415.49844,169.00256
14365,Hiphop,8.275496,10.871067,14365,2,211.67169,292.91272
10695,Hiphop,10.115318,8.844963,10695,3,328.67297,155.35321
27799,Hiphop,10.210376,10.172632,27799,3,334.71805,245.49345
11766,Hiphop,9.4401455,11.295264,11766,2,285.73618,321.71298
71158,Hiphop,10.8934,8.944843,71158,3,378.15414,162.13443
72788,Hiphop,9.005421,9.661579,72788,2,258.0904,210.79622
98627,Hiphop,8.825806,9.460178,98627,2,246.66798,197.12239
56496,Hiphop,9.433857,8.866597,56496,0,285.33627,156.82202
71242,Hiphop,10.397133,9.901145,71242,3,346.59464,227.0612
123969,Hiphop,9.86493,10.680997,123969,2,312.74985,280.00818
11818,Hiphop,10.152119,10.405563,11818,3,331.01324,261.30798
11784,Hiphop,11.492176,8.526569,11784,3,416.23257,133.73631
123971,Hiphop,9.687491,11.247963,123971,2,301.46585,318.50153
11770,Hiphop,9.505584,11.139336,11770,2,289.89764,311.12643
72789,Hiphop,8.410235,11.180663,72789,2,220.24031,313.9323
98624,Hiphop,9.055598,9.854345,98624,2,261.28137,223.8838
69826,Hiphop,11.334907,9.401637,69826,3,406.2312,193.14781
98569,Hiphop,10.177382,10.392674,98569,3,332.61987,260.43292
107850,Hiphop,9.36397,8.355836,107850,0,280.89188,122.1446
63770,Hiphop,8.343135,9.973229,63770,2,215.97313,231.95528
9855,Hiphop,8.208102,7.696929,9855,0,207.3859,77.409035
98575,Hiphop,10.170674,9.141937,98575,3,332.19327,175.51585
110768,Hiphop,9.61084,9.297411,110768,0,296.59128,186.07153
142089,Hiphop,9.17594,11.346062,142089,2,268.93433,325.1618
14391,Hiphop,11.068571,10.618466,14391,3,389.29395,275.76276
4688,Hiphop,9.401326,7.7909265,4688,0,283.26752,83.79086
24431,Hiphop,7.4215965,8.691803,24431,0,157.36902,144.95462
61175,Hiphop,11.0531845,10.148869,61175,3,388.31543,243.88005
37417,Hiphop,11.313132,9.193397,37417,3,404.8465,179.00961
60038,Hiphop,9.250988,10.990456,60038,2,273.70694,301.01843
100958,Hiphop,10.405584,9.6029215,100958,3,347.13208,206.81374
30056,Hiphop,9.128103,8.075453,30056,0,265.89224,103.10838
75398,Hiphop,11.126176,10.024235,75398,3,392.95724,235.41821
13201,Hiphop,9.226523,11.411685,13201,2,272.15115,329.61722
110086,Hiphop,11.385337,10.2791,110086,3,409.43826,252.72197
123442,Hiphop,9.267888,7.0245857,123442,0,274.78168,31.761223
86678,Hiphop,10.624071,9.3955145,86678,3,361.0265,192.73213
145741,Hiphop,10.056764,9.7167635,145741,3,324.94928,214.54288
146685,Hiphop,9.8891,11.076081,146685,2,314.2869,306.83188
98565,Hiphop,10.91463,8.110029,98565,3,379.50424,105.455894
138215,Hiphop,11.796227,9.343597,138215,3,435.56836,189.20729
75748,Hiphop,10.393402,9.609294,75748,3,346.3574,207.24638
109686,Hiphop,11.158997,10.076747,109686,3,395.04443,238.98346
70206,Hiphop,9.376933,10.479321,70206,2,281.71628,266.31564
123440,Hiphop,9.189594,7.004025,123440,0,269.80267,30.36528
99095,Hiphop,9.863526,10.066767,99095,2,312.66058,238.30586
113035,Hiphop,11.0136795,11.164843,113035,3,385.80316,312.85822
119941,Hiphop,9.994449,10.549955,119941,2,320.98642,271.1113
6442,Hiphop,9.670045,9.119834,6442,0,300.35635,174.01518
108774,Hiphop,10.538125,8.65601,108774,3,355.56085,142.52448
144214,Hiphop,9.933209,7.887506,144214,0,317.09198,90.34799
63747,Hiphop,10.243485,9.470728,63747,3,336.8236,197.83864
98554,Hiphop,9.09126,10.296063,98554,2,263.54922,253.87364
72129,Hiphop,11.024249,9.803019,72129,3,386.4753,220.39905
72130,Hiphop,11.000871,10.290472,72130,3,384.98862,253.49403
75937,Hiphop,8.243023,9.833325,75937,2,209.60663,222.4567
72468,Hiphop,9.64364,10.305778,72468,2,298.67715,254.53317
75928,Hiphop,9.925898,9.61623,75928,3,316.627,207.7173
146681,Hiphop,9.494363,8.74388,146681,0,289.18408,148.49033
146152,Hiphop,10.164381,8.904468,146152,3,331.79306,159.39319
75378,Hiphop,9.672012,11.146812,75378,2,300.48148,311.63406
26025,Hiphop,9.172465,10.478694,26025,2,268.71338,266.2731
34167,Hiphop,10.994783,10.234978,34167,3,384.6015,249.72632
141735,Hiphop,10.549151,10.911603,141735,3,356.26205,295.66486
58215,Hiphop,9.718253,11.129787,58215,2,303.4221,310.47818
11299,Hiphop,10.743666,8.763583,11299,3,368.63196,149.82803
112484,Hiphop,11.543608,8.2999115,112484,3,419.5033,118.34769
110756,Hiphop,11.566021,10.164714,110756,3,420.92865,244.95586
11781,Hiphop,9.343686,10.448185,11781,2,279.60196,264.20172
11839,Hiphop,10.82994,9.903169,11839,3,374.11847,227.19861
123980,Hiphop,9.568264,10.897423,123980,2,293.88373,294.70212
98581,Hiphop,8.960762,9.91654,98581,2,255.25038,228.10645
71692,Hiphop,11.475348,10.493153,71692,3,415.16245,267.25473
21228,Hiphop,10.437176,8.924419,21228,3,349.1411,160.74779
36997,Hiphop,9.242097,11.210957,36997,2,273.1415,315.98904
73550,Hiphop,10.8987,9.142579,73550,3,378.49118,175.55943
110765,Hiphop,11.397581,9.802209,110765,3,410.21692,220.34409
16162,Hiphop,10.7950735,9.315096,16162,3,371.90118,187.27222
63900,Hiphop,7.914026,10.948862,63900,2,188.68446,298.1945
89857,Hiphop,9.758275,7.807309,89857,0,305.96725,84.90314
63908,Hiphop,10.3984375,9.651524,63908,3,346.6776,210.11351
110772,Hiphop,11.664624,8.295393,110772,3,427.19922,118.04092
22295,Hiphop,11.286684,10.739274,22295,3,403.16455,283.9648
43867,Hiphop,10.360692,10.985305,43867,2,344.27722,300.66873
129674,Hiphop,9.0139265,8.081863,129674,0,258.63132,103.54362
96678,Hiphop,8.910753,10.855078,96678,2,252.07013,291.82715
6607,Hiphop,9.320683,8.418076,6607,0,278.13907,126.37028
123970,Hiphop,8.895469,10.182547,123970,2,251.09813,246.16658
98547,Hiphop,7.8994417,10.043966,98547,2,187.757,236.75786
60477,Hiphop,8.703306,9.357181,60477,2,238.87779,190.1295
60041,Hiphop,9.520619,10.869171,60041,2,290.85382,292.784
79610,Hiphop,10.818948,10.247359,79610,3,373.41943,250.56694
9857,Hiphop,9.734429,8.742719,9857,0,304.4508,148.41147
11867,Hiphop,10.406992,7.8018475,11867,0,347.22162,84.532326
26007,Hiphop,10.79569,11.209173,26007,3,371.94037,315.86795
142358,Hiphop,11.179584,9.238613,142358,3,396.35364,182.07953
69825,Hiphop,11.205339,9.491118,69825,3,397.99155,199.22302
13747,Hiphop,10.710773,9.921473,13747,3,366.54022,228.44131
131020,Hiphop,11.512521,9.112233,131020,3,417.52637,173.49915
78998,Hiphop,8.785023,8.3452635,78998,0,244.07445,121.4268
12174,Hiphop,10.478066,8.303806,12174,3,351.74152,118.61212
97980,Hiphop,9.978985,7.853642,97980,0,320.00302,88.04884
86416,Hiphop,10.049947,7.4006286,86416,0,324.51575,57.292126
149687,Hiphop,10.802052,10.068611,149687,3,372.34494,238.43109
43861,Hiphop,9.775413,8.304056,43861,0,307.0571,118.62909
119979,Hiphop,10.353722,10.579412,119979,3,343.83395,273.11124
26016,Hiphop,11.202827,9.04817,26016,3,397.8318,169.14967
58207,Hiphop,11.088954,9.911545,58207,3,390.59015,227.76729
36302,Hiphop,9.852761,7.7842135,36302,0,311.97598,83.3351
136469,Hiphop,11.334076,8.263007,136469,3,406.17838,115.842125
75395,Hiphop,11.257038,10.366241,75395,3,401.27927,258.63828
107030,Hiphop,9.496111,9.069947,107030,0,289.29523,170.62819
155066,Hiphop,8.530939,11.026595,155066,2,227.9163,303.47208
24429,Hiphop,8.151128,8.320502,24429,0,203.76266,119.745674
71241,Hiphop,10.02536,10.728803,71241,2,322.9522,283.25388
82778,Hiphop,10.005902,10.14176,82778,3,321.7148,243.39742
154309,Hiphop,6.471195,9.869907,154309,1,96.9294,224.94037
95914,Hiphop,11.029682,8.601162,95914,3,386.82083,138.80067
11786,Hiphop,11.2412615,9.730056,11786,3,400.27597,215.44534
96657,Hiphop,9.840874,9.3445635,96657,3,311.22,189.27289
98618,Hiphop,5.516204,8.5696,98618,1,36.197887,136.65782
63804,Hiphop,9.59073,8.410749,63804,0,295.3124,125.87288
26010,Hiphop,11.671233,9.897198,26010,3,427.6195,226.79321
112488,Hiphop,8.965613,10.763182,112488,2,255.55888,285.58798
128927,Hiphop,10.101424,8.239803,128927,0,327.7894,114.26673
108836,Hiphop,9.917406,9.450885,108836,3,316.087,196.49142
78841,Hiphop,10.6919565,9.742594,78841,3,365.3436,216.2966
110084,Hiphop,11.126146,10.745077,110084,3,392.95535,284.3588
94468,Hiphop,9.972967,9.375191,94468,3,319.62033,191.35228
75381,Hiphop,10.334612,10.590138,75381,3,342.61868,273.83945
123647,Hiphop,11.358213,8.649322,123647,3,407.71338,142.0704
55900,Hiphop,8.305287,9.928114,55900,2,213.56625,228.89223
110261,Hiphop,10.120651,11.119056,110261,2,329.01212,309.74957
71691,Hiphop,11.28855,10.074596,71691,3,403.28323,238.83745
46726,Hiphop,10.5334,8.263104,46726,3,355.26035,115.848724
142092,Hiphop,9.784897,8.51981,142092,0,307.66022,133.27737
119988,Hiphop,10.449969,8.286554,119988,3,349.9547,117.44083
141166,Hiphop,10.963123,11.144027,141166,3,382.5881,311.44495
6439,Hiphop,9.484072,9.835772,6439,2,288.52963,222.62277
60045,Hiphop,5.8082137,10.495815,60045,1,54.7679,267.43552
71255,Hiphop,11.190111,9.887522,71255,3,397.02313,226.13628
694,Hiphop,11.063259,9.634775,694,3,388.95612,208.9764
75930,Hiphop,11.112957,8.744801,75930,3,392.1166,148.55281
123614,Hiphop,10.223868,8.502037,123614,0,335.57608,132.07072
13591,Hiphop,9.350486,9.122802,13591,0,280.0344,174.21667
70655,Hiphop,11.216329,9.372924,70655,3,398.6904,191.19836
112468,Hiphop,9.746795,7.977463,112468,0,305.23718,96.45548
97987,Hiphop,9.150335,10.638068,97987,2,267.30606,277.0936
70654,Hiphop,11.142832,9.520401,70654,3,394.01645,201.21112
98622,Hiphop,8.506798,9.800201,98622,2,226.38107,220.20778
11921,Hiphop,10.000254,9.427919,11921,3,321.3556,194.93222
105451,Hiphop,10.486102,10.879775,105451,3,352.25253,293.50394
97986,Hiphop,9.612102,7.7115445,97986,0,296.6715,78.40134
119940,Hiphop,10.673648,8.542366,119940,3,364.17926,134.8088
43911,Hiphop,8.773843,8.438165,43911,0,243.36348,127.7342
113030,Hiphop,9.604945,10.149027,113030,2,296.21643,243.89081
89848,Hiphop,11.556188,9.13344,89848,3,420.3033,174.93895
43844,Hiphop,10.242358,7.800597,43844,0,336.75192,84.44744
95908,Hiphop,10.861872,8.902053,95908,3,376.14914,159.22925
36984,Hiphop,9.846295,7.5902386,36984,0,311.5648,70.165436
144170,Hiphop,10.900277,9.030478,144170,3,378.5915,167.94846
144171,Hiphop,10.633337,9.207313,144171,3,361.61575,179.95442
36988,Hiphop,10.153675,7.3381004,36988,0,331.11224,53.046867
113034,Hiphop,10.586642,8.698746,113034,3,358.64624,145.42598
17496,Hiphop,8.797416,11.150134,17496,2,244.86256,311.8596
56498,Hiphop,9.544869,7.5233765,56498,0,292.39597,65.62592
26035,Hiphop,8.909806,10.900535,26035,2,252.0099,294.9134
29961,Hiphop,9.920768,7.4774466,29961,0,316.30078,62.50758
71216,Hiphop,10.821548,9.377153,71216,3,373.58484,191.48553
71228,Hiphop,11.156366,10.038204,71228,3,394.87717,236.36665
146726,Hiphop,9.594449,10.080885,146726,2,295.54892,239.2644
114049,Hiphop,9.872571,7.8997774,114049,0,313.23575,91.181145
43856,Hiphop,9.954062,11.260821,43856,2,318.41812,319.37454
137898,Hiphop,10.205393,10.193168,137898,3,334.40115,246.88768
78850,Hiphop,11.145159,9.652445,78850,3,394.16443,210.17606
13199,Hiphop,8.79143,7.7540255,13199,0,244.48195,81.285515
147269,Hiphop,11.279843,10.646588,147269,3,402.72952,277.67206
75750,Hiphop,10.564765,9.7007885,75750,3,357.255,213.45828
100480,Hiphop,10.932249,10.440775,100480,3,380.6247,263.69864
11920,Hiphop,10.008486,9.730004,11920,3,321.8791,215.44185
98549,Hiphop,11.008966,9.873306,98549,3,385.50345,225.17114
30041,Hiphop,10.091048,10.561071,30041,2,327.12955,271.866
2,Hiphop,10.566501,9.047487,2,3,357.3654,169.1033
11764,Hiphop,9.279868,10.368457,11764,2,275.54355,258.7887
26026,Hiphop,10.062676,9.040629,26026,3,325.3253,168.6377
123972,Hiphop,10.919601,10.708512,123972,3,379.82037,281.87628
108799,Hiphop,10.938742,10.069437,108799,3,381.0376,238.48717
13742,Hiphop,10.951893,10.141481,13742,3,381.87393,243.37851
91306,Hiphop,10.861972,9.371033,91306,3,376.15552,191.06998
17499,Hiphop,10.068405,8.325425,17499,0,325.6896,120.0799
105825,Hiphop,11.036592,9.063898,105825,3,387.26022,170.2175
49479,Hiphop,9.3751135,11.178772,49479,2,281.60056,313.80392
142087,Hiphop,10.31149,9.939738,142087,3,341.1483,229.68144
71250,Hiphop,10.222894,9.056332,71250,3,335.5141,169.70378
75380,Hiphop,10.573968,10.078746,75380,3,357.84024,239.11917
13561,Hiphop,10.513395,8.188508,13561,3,353.9882,110.78411
110264,Hiphop,10.025786,10.618883,110264,2,322.9793,275.79105
13746,Hiphop,10.961695,9.44914,13746,3,382.49725,196.37294
43866,Hiphop,10.908973,8.946461,43866,3,379.14447,162.24425
142088,Hiphop,10.619105,10.742925,142088,3,360.7107,284.21268
145724,Hiphop,11.264988,8.553347,145724,3,401.78482,135.55432
110082,Hiphop,10.785515,9.772317,110082,3,371.2933,218.3146
60048,Hiphop,9.47542,10.817226,60048,2,287.97943,289.2573
147020,Hiphop,9.829051,7.3867664,147020,0,310.46817,56.35098
98577,Hiphop,10.633292,10.210471,98577,3,361.61288,248.06248
14604,Hiphop,6.326637,11.520611,14604,1,87.73638,337.01257
17782,Hiphop,11.294778,9.084237,17782,3,403.6793,171.59839
110776,Hiphop,10.384713,8.142756,110776,0,345.8048,107.67787
98555,Hiphop,9.161662,9.8493,98555,2,268.02637,223.54129
75379,Hiphop,10.618874,8.20874,75379,3,360.69595,112.157745
124702,Hiphop,10.415044,10.324533,124702,3,347.73367,255.80658
52579,Hiphop,9.037402,9.88818,52579,2,260.1242,226.18095
7481,Hiphop,9.638685,8.646625,7481,0,298.3621,141.8873
82780,Hiphop,10.705492,8.746889,82780,3,366.20435,148.69461
123441,Hiphop,9.336663,7.044243,123441,0,279.15536,33.095818
141167,Hiphop,10.925769,9.367393,141167,3,380.2126,190.82283
98551,Hiphop,10.099765,10.108319,98551,3,327.68387,241.12701
78156,Hiphop,7.058136,10.888729,78156,1,134.25519,294.11185
676,Hiphop,9.609038,10.724232,676,2,296.4767,282.94354
17500,Hiphop,10.866005,10.405287,17500,3,376.412,261.2892
71248,Hiphop,9.895497,10.324613,71248,2,314.69373,255.81195
73551,Hiphop,11.521033,9.1572485,73551,3,418.06772,176.55539
119992,Hiphop,10.9264,9.536789,119992,3,380.25275,202.32376
32882,Hiphop,10.613298,8.300591,32882,3,360.34143,118.39386
119939,Hiphop,10.549208,10.517934,119939,3,356.26566,268.93723
69827,Hiphop,11.6361065,10.233083,69827,3,425.38565,249.59766
131021,Hiphop,9.242735,10.636464,131021,2,273.1821,276.98468
78834,Hiphop,9.810396,9.937314,78834,2,309.28183,229.51686
75754,Hiphop,10.35744,9.147402,75754,3,344.0704,175.88687
98619,Hiphop,8.867433,9.192402,98619,0,249.3152,178.94208
123964,Hiphop,10.527959,11.3587265,123964,2,354.91437,326.02167
149118,Hiphop,9.937174,8.208923,149118,0,317.3441,112.17017
141568,Hiphop,9.322954,11.080006,141568,2,278.28354,307.09833
54365,Hiphop,10.194442,10.104767,54365,3,333.70474,240.88583
141164,Hiphop,11.276715,9.9480915,141164,3,402.5306,230.24858
10656,Electronic,8.578768,9.261587,10656,0,230.95792,183.63931
97542,Electronic,8.834914,10.404837,97542,2,247.24724,261.25867
139934,Electronic,11.577611,8.95618,139934,3,421.6657,162.9041
134052,Electronic,11.138695,11.050873,134052,3,393.75336,305.1204
126292,Electronic,11.213289,8.973997,126292,3,398.4971,164.1138
93727,Electronic,10.285563,6.6980367,93727,0,339.4995,9.590629
72232,Electronic,9.361889,9.337968,72232,2,280.75955,188.82509
45151,Electronic,9.753324,10.261782,45151,2,305.65237,251.54614
127936,Electronic,9.25562,8.59671,127936,0,274.0015,138.49843
13379,Electronic,10.643476,11.018346,13379,3,362.2605,302.91202
134054,Electronic,10.858313,9.826124,134054,3,375.9228,221.96777
122832,Electronic,11.384503,8.147662,122832,3,409.38525,108.01093
69170,Electronic,9.168733,7.365147,69170,0,268.476,54.883163
13904,Electronic,8.986274,10.703941,13904,2,256.87277,281.56595
118734,Electronic,9.884654,7.6228647,118734,0,314.00415,72.38054
125159,Electronic,11.867905,9.010806,125159,3,440.1266,166.61288
110110,Electronic,9.981714,10.62471,110110,2,320.1766,276.18665
92564,Electronic,11.162447,9.850723,92564,3,395.26385,223.6379
31044,Electronic,9.413188,8.767294,31044,0,284.02185,150.07997
114559,Electronic,11.056448,11.04682,114559,3,388.52298,304.84518
46159,Electronic,8.834126,7.326176,46159,0,247.19714,52.237286
110691,Electronic,8.165212,9.22445,110691,0,204.65833,181.11795
21422,Electronic,11.910257,8.889259,21422,3,442.81995,158.36064
85839,Electronic,11.190445,8.2067175,85839,3,397.04434,112.02042
73564,Electronic,11.309919,8.778997,73564,3,404.64218,150.87456
105664,Electronic,8.509969,11.10115,105664,2,226.58273,308.53384
140134,Electronic,10.107712,8.539619,140134,0,328.18924,134.62233
48440,Electronic,11.757211,9.047825,48440,3,433.08713,169.12622
1481,Electronic,11.826511,8.638601,1481,3,437.49423,141.34256
114242,Electronic,9.410907,7.9307446,114242,0,283.87677,93.28362
73372,Electronic,8.267452,10.591616,73372,2,211.16019,273.93976
116029,Electronic,11.040709,10.701063,116029,3,387.52203,281.37054
85828,Electronic,10.735287,8.565412,85828,3,368.09912,136.37344
4519,Electronic,8.153253,8.618324,4519,0,203.8978,139.96588
115724,Electronic,10.04847,10.280215,115724,3,324.4218,252.79765
116236,Electronic,10.608155,9.293477,116236,3,360.01434,185.80444
73368,Electronic,9.730794,8.786535,73368,0,304.21964,151.38634
92548,Electronic,9.033219,10.895684,92548,2,259.85822,294.58408
108532,Electronic,10.78834,10.004929,108532,3,371.47296,234.10745
73565,Electronic,11.434805,10.540167,73565,3,412.58414,270.44672
127804,Electronic,11.049342,10.278617,127804,3,388.07108,252.68913
42375,Electronic,5.5161467,9.612158,42375,1,36.19425,207.44083
93520,Electronic,5.4705925,8.545842,93520,1,33.297287,135.04482
65039,Electronic,10.141509,11.028168,65039,2,330.33856,303.57886
116238,Electronic,10.060362,11.172118,116238,2,325.1781,313.35217
52646,Electronic,10.376641,9.783425,52646,3,345.2915,219.0688
97540,Electronic,8.756312,11.372586,97540,2,242.24864,326.96268
73371,Electronic,8.532715,9.016048,73371,0,228.02924,166.96881
92562,Electronic,11.086163,10.212185,92562,3,390.41263,248.17883
13668,Electronic,10.504942,9.244573,13668,3,353.45062,182.48415
125999,Electronic,11.982507,10.002497,125999,3,447.41455,233.94234
10718,Electronic,10.16518,9.002514,10718,3,331.84387,166.0499
56804,Electronic,7.842183,11.243409,56804,2,184.1157,318.19235
148439,Electronic,8.515723,8.269571,148439,0,226.94867,116.28779
97404,Electronic,5.7556534,10.038093,97404,1,51.42539,236.35909
9409,Electronic,5.5895567,11.129337,9409,1,40.86267,310.44763
4707,Electronic,10.341765,7.199654,4707,0,343.0736,43.647247
105674,Electronic,8.812239,10.924675,105674,2,245.80522,296.55237
121450,Electronic,9.978258,8.242155,121450,0,319.95682,114.4264
28179,Electronic,11.447872,8.387402,28179,3,413.41513,124.287704
92556,Electronic,9.048521,10.572852,92556,2,260.8313,272.66583
91084,Electronic,11.042577,8.673897,91084,3,387.64087,143.7389
91088,Electronic,11.819074,9.577876,91088,3,437.02124,205.11331
56801,Electronic,8.5775385,11.172878,56801,2,230.87975,313.40378
141875,Electronic,9.873071,9.748906,141875,3,313.26755,216.72516
13069,Electronic,5.8488083,10.716445,13069,1,57.34946,282.41486
99311,Electronic,11.122324,10.104907,99311,3,392.71228,240.89536
73367,Electronic,9.8203335,8.609729,73367,0,309.9138,139.38231
89639,Electronic,11.643542,9.835493,89639,3,425.85852,222.60387
40851,Electronic,11.876792,8.980525,40851,3,440.69174,164.55699
54335,Electronic,10.637702,9.83514,54335,3,361.89334,222.57991
33216,Electronic,7.8711004,10.830676,33216,2,185.95467,290.17044
87159,Electronic,9.627223,11.037126,87159,2,297.63315,304.18704
91082,Electronic,11.156656,9.252164,91082,3,394.8956,182.99954
108422,Electronic,10.003419,9.679597,108422,3,321.5569,212.01952
100550,Electronic,8.987106,9.205072,100550,0,256.92572,179.80234
123936,Electronic,10.65457,10.70401,123936,3,362.966,281.57062
47068,Electronic,9.974579,8.566025,47068,0,319.72284,136.41508
125298,Electronic,9.122945,10.87676,125298,2,265.5642,293.2992
33221,Electronic,10.907902,10.551676,33221,3,379.07635,271.2281
14821,Electronic,11.460257,10.115167,14821,3,414.2027,241.59192
46157,Electronic,6.1058044,9.294765,46157,1,73.69282,185.89192
136321,Electronic,10.727241,10.453534,136321,3,367.58743,264.5649
67470,Electronic,10.273348,11.321635,67470,2,338.7227,323.50342
402,Electronic,7.686711,9.185361,402,0,174.22864,178.46405
52628,Electronic,11.19005,8.870353,52628,3,397.01926,157.07701
1334,Electronic,10.01307,8.037213,1334,0,322.17062,100.51216
48437,Electronic,11.694161,8.351004,48437,3,429.07758,121.81652
125158,Electronic,10.724126,8.590188,125158,3,367.38934,138.05562
121449,Electronic,11.180253,10.278139,121449,3,396.3962,252.65671
93522,Electronic,5.459991,8.5527315,93522,1,32.623096,135.51256
13841,Electronic,8.599337,11.386596,13841,2,232.26596,327.91382
108341,Electronic,12.232063,9.753753,108341,3,463.2848,217.05421
128759,Electronic,9.986954,10.327755,128759,2,320.5098,256.0253
31042,Electronic,9.126492,11.541513,31042,2,265.78973,338.43173
124555,Electronic,11.048395,8.79857,124555,3,388.01086,152.2034
66076,Electronic,8.29947,9.800333,66076,2,213.1963,220.21672
100975,Electronic,11.891582,8.5745,100975,3,441.6323,136.9905
125157,Electronic,11.34856,8.271784,125157,3,407.09952,116.438
136324,Electronic,5.3583407,10.912715,136324,1,26.158773,295.74036
72604,Electronic,8.005663,10.755923,72604,2,194.51201,285.09518
75764,Electronic,12.077811,9.667136,75764,3,453.47534,211.17351
92282,Electronic,10.126702,9.696285,92282,3,329.39694,213.15254
52634,Electronic,9.051064,9.464958,52634,2,260.99298,197.44691
1309,Electronic,7.218304,9.381124,1309,1,144.44089,191.75508
140565,Electronic,10.355484,10.359961,140565,3,343.946,258.21185
73335,Electronic,8.660971,9.543999,73335,2,236.18552,202.81326
115722,Electronic,9.50982,11.380416,115722,2,290.16705,327.49426
66075,Electronic,8.258455,9.804939,66075,2,210.58803,220.52945
125154,Electronic,10.1353445,11.089137,125154,2,329.94653,307.7183
13068,Electronic,8.503286,10.547671,13068,2,226.15776,270.9562
109538,Electronic,10.643071,11.496588,109538,3,362.23477,335.38156
116235,Electronic,8.235518,11.052572,116235,2,209.1294,305.23575
36097,Electronic,9.23314,11.550506,36097,2,272.57193,339.04227
91081,Electronic,11.618732,8.559032,91081,3,424.28076,135.94035
100549,Electronic,10.495202,7.6297765,100549,0,352.83124,72.84981
108530,Electronic,11.592918,9.233597,108530,3,422.63916,181.73895
149185,Electronic,10.004322,11.273346,149185,2,321.61432,320.22488
116237,Electronic,10.252972,11.201735,116237,2,337.42688,315.3629
42377,Electronic,9.043375,10.403369,42377,2,260.50406,261.159
148441,Electronic,10.391837,11.164907,148441,2,346.25784,312.8626
36099,Electronic,11.705039,9.950423,36099,3,429.76935,230.40689
52649,Electronic,11.179101,8.541606,52649,3,396.32294,134.7572
1085,Electronic,9.785994,10.7473955,1085,2,307.72998,284.5162
37131,Electronic,9.871037,8.018139,37131,0,313.13818,99.21713
107435,Electronic,11.72325,10.254454,107435,3,430.92746,251.04861
52645,Electronic,11.522503,8.617607,52645,3,418.16116,139.91719
130922,Electronic,9.214997,8.688761,130922,0,271.41815,144.74806
140925,Electronic,9.817403,11.415634,140925,2,309.72742,329.88535
145464,Electronic,7.965067,8.458828,145464,0,191.93036,129.1371
107432,Electronic,9.2803955,11.199965,107432,2,275.5771,315.24277
31041,Electronic,9.617903,11.052974,31041,2,297.04044,305.26303
28546,Electronic,9.972282,8.774768,28546,0,319.57678,150.5874
64332,Electronic,11.3921385,10.135075,64332,3,409.87082,242.94354
12131,Electronic,6.9153566,9.241971,12131,1,125.17531,182.30751
6885,Electronic,5.786562,11.11319,6885,1,53.39098,309.3513
100536,Electronic,10.867292,11.191939,100536,3,376.49387,314.6979
11989,Electronic,9.413485,10.174508,11989,2,284.0407,245.62082
31040,Electronic,10.22459,10.232039,31040,3,335.622,249.52682
98202,Electronic,8.169987,11.4424925,98202,2,204.96198,331.70886
71514,Electronic,10.787558,8.461814,71514,3,371.42322,129.33983
85836,Electronic,9.171157,8.500882,85836,0,268.6302,131.99231
12165,Electronic,8.274294,11.091896,12165,2,211.59528,307.9056
12529,Electronic,10.695635,9.020967,12529,3,365.5775,167.30272
660,Electronic,9.766431,11.498042,660,2,306.4859,335.48032
1121,Electronic,8.922536,7.175645,1121,0,252.81943,42.017174
100972,Electronic,11.913074,8.594727,100972,3,442.99902,138.36375
63065,Electronic,10.53383,10.026071,63065,3,355.2877,235.54286
104276,Electronic,12.080394,9.712561,104276,3,453.63956,214.25754
52630,Electronic,10.100693,8.703837,52630,3,327.7429,145.77168
73341,Electronic,9.733161,9.240772,73341,3,304.37015,182.22612
139937,Electronic,11.650161,8.636096,139937,3,426.27942,141.17247
52637,Electronic,9.053986,9.287912,52637,0,261.1788,185.42664
104282,Electronic,9.728317,10.534836,104282,2,304.0621,270.08478
73365,Electronic,8.373122,10.695391,73365,2,217.88014,280.9854
85347,Electronic,10.620425,8.064353,85347,3,360.79465,102.354774
105662,Electronic,8.488956,11.407892,105662,2,225.24648,329.3597
122999,Electronic,7.9960513,10.1995535,122999,2,193.90077,247.32124
40844,Electronic,10.235334,8.071081,40844,0,336.30527,102.81158
48439,Electronic,11.520386,10.552419,48439,3,418.02652,271.27853
87157,Electronic,7.0365877,10.299506,87157,1,132.88484,254.10739
12519,Electronic,11.857686,8.860943,12519,3,439.47675,156.43813
108525,Electronic,11.764303,9.246418,108525,3,433.53818,182.60944
123002,Electronic,8.053267,10.458605,123002,2,197.5393,264.90918
127806,Electronic,9.785104,11.278129,127806,2,307.6734,320.5496
147191,Electronic,12.266744,10.119288,147191,3,465.49026,241.87175
67308,Electronic,10.313973,8.067835,67308,0,341.3062,102.59117
139935,Electronic,11.862458,9.013291,139935,3,439.7802,166.78162
12159,Electronic,6.331051,10.002029,12159,1,88.01709,233.91061
66637,Electronic,9.800393,10.483693,66637,2,308.6457,266.61252
89474,Electronic,11.266851,10.346762,89474,3,401.90332,257.31573
107912,Electronic,7.2229786,11.812214,107912,1,144.73814,356.81058
7959,Electronic,9.743927,10.523469,7959,2,305.0548,269.31302
105671,Electronic,9.134836,10.339697,105671,2,266.3204,256.8361
104284,Electronic,11.617027,8.830913,104284,3,424.17233,154.39928
136320,Electronic,9.0256,10.838802,136320,2,259.3737,290.72214
85831,Electronic,9.046908,10.424224,85831,2,260.72876,262.57492
12032,Electronic,11.680271,9.647106,12032,3,428.19424,209.8136
13536,Electronic,8.240742,8.083811,13536,0,209.46156,103.675835
6664,Electronic,9.522059,9.712585,6664,2,290.9454,214.25922
52647,Electronic,11.54281,8.738073,52647,3,419.4526,148.09608
79605,Electronic,11.578385,9.23192,79605,3,421.71494,181.62512
52639,Electronic,10.884616,10.0848875,52639,3,377.59552,239.53615
644,Electronic,8.801161,11.48338,644,2,245.10072,334.48486
132774,Electronic,7.202484,11.862552,132774,1,143.43483,360.22818
55186,Electronic,11.391578,8.464469,55186,3,409.83514,129.5201
71508,Electronic,10.276697,7.7082167,71508,0,338.93567,78.17539
116344,Electronic,11.863826,9.195162,116344,3,439.8672,179.12947
646,Electronic,10.191668,11.1459255,646,2,333.52832,311.57385
46158,Electronic,8.111676,9.444234,46158,2,201.2538,196.03987
97962,Electronic,9.267685,9.777069,97962,2,274.76877,218.63725
45149,Electronic,10.730801,10.413244,45149,3,367.81384,261.82947
108342,Electronic,12.265388,9.919012,108342,3,465.40402,228.27428
40725,Electronic,11.40346,9.854831,40725,3,410.59076,223.91676
5295,Electronic,9.89605,8.492518,5295,0,314.7289,131.42447
13177,Electronic,8.642912,10.198138,13177,2,235.03708,247.22516
4522,Electronic,9.333036,8.468671,4522,0,278.9247,129.80537
148444,Electronic,9.175068,9.240093,148444,0,268.8789,182.18002
1436,Electronic,10.401267,7.466479,1436,0,346.85754,61.76294
52644,Electronic,11.517905,9.421282,52644,3,417.86877,194.48157
97544,Electronic,8.757165,11.062176,97544,2,242.30287,305.8878
123932,Electronic,11.627747,9.4678955,123932,3,424.854,197.64633
114558,Electronic,11.40989,8.559141,114558,3,410.9997,135.94772
12997,Electronic,9.029568,7.7939286,12997,0,259.62598,83.99469
140344,Electronic,9.292325,9.748467,140344,2,276.33572,216.69537
73369,Electronic,8.776494,8.162639,73369,0,243.53207,109.02774
39605,Electronic,11.703732,8.8281975,39605,3,429.6862,154.21494
14190,Electronic,11.610325,8.566084,14190,3,423.7461,136.4191
114245,Electronic,11.764935,9.682251,114245,3,433.5783,212.1997
104277,Electronic,12.010938,9.578876,104277,3,449.2226,205.18117
97958,Electronic,9.332333,9.893909,97958,2,278.87994,226.56996
81868,Electronic,9.824003,9.422229,81868,3,310.14716,194.54587
145549,Electronic,11.463746,8.812036,145549,3,414.4246,153.11765
142081,Electronic,10.226939,10.329461,142081,3,335.77136,256.14114
52631,Electronic,8.967802,9.449261,52631,2,255.69807,196.38115
145646,Electronic,8.827658,10.581701,145646,2,246.78577,273.26663
115721,Electronic,11.837527,9.39238,115721,3,438.19476,192.5193
73561,Electronic,9.810128,7.8317237,73561,0,309.26477,86.56073
145462,Electronic,10.87124,8.15544,145462,3,376.74487,108.539024
100976,Electronic,11.526099,8.632382,100976,3,418.38986,140.92033
116882,Electronic,5.271577,9.05388,116882,1,20.64113,169.53731
12031,Electronic,11.669317,9.7990675,12031,3,427.49765,220.1308
64331,Electronic,10.498843,8.3622465,64331,3,353.06277,122.57984
56805,Electronic,7.79392,11.660308,56805,2,181.04648,346.49713
36435,Electronic,11.556836,9.161668,36435,3,420.34454,176.85544
125299,Electronic,11.871531,8.867157,125299,3,440.35715,156.86003
136322,Electronic,7.4146924,10.964711,136322,1,156.92996,299.27057
52636,Electronic,9.776375,9.277898,52636,3,307.1183,184.7467
33064,Electronic,10.739421,9.419725,33064,3,368.36203,194.3759
107427,Electronic,11.147287,9.463603,107427,3,394.2998,197.3549
12992,Electronic,9.83138,6.971668,12992,0,310.61627,28.16843
97961,Electronic,9.289856,10.132469,97961,2,276.1787,242.76665
139990,Electronic,9.210129,8.51127,139990,0,271.10855,132.69756
56799,Electronic,11.038379,11.164185,56799,3,387.37387,312.81354
137152,Electronic,6.808875,10.435689,137152,1,118.40374,263.35333
85840,Electronic,10.070428,10.799266,85840,2,325.81824,288.03787
73344,Electronic,9.124232,9.470586,73344,2,265.64606,197.829
140135,Electronic,10.284937,8.366481,140135,0,339.45966,122.867325
139936,Electronic,10.0899935,10.028303,139936,3,327.06247,235.69444
71507,Electronic,12.002785,10.3180275,71507,3,448.7041,255.36487
71512,Electronic,9.58801,11.016175,71512,2,295.13943,302.76465
17588,Electronic,7.7085476,9.270004,17588,1,175.61732,184.21078
116877,Electronic,10.098501,7.9006267,116877,0,327.60352,91.2388
107425,Electronic,10.481066,11.488059,107425,2,351.93225,334.80252
104279,Electronic,12.136151,10.28366,104279,3,457.1854,253.03152
23355,Electronic,9.542856,11.140709,23355,2,292.26794,311.21967
139226,Electronic,8.89723,9.2441,139226,0,251.21014,182.45203
143532,Electronic,10.597759,7.7132306,143532,0,359.3532,78.51581
105670,Electronic,8.513978,11.120537,105670,2,226.83769,309.85013
145918,Electronic,8.899236,7.839846,145918,0,251.33769,87.11219
23016,Electronic,6.5388336,11.774433,23016,1,101.23078,354.2455
4520,Electronic,7.277294,8.649094,4520,0,148.19228,142.05493
142079,Electronic,11.059032,9.708947,142079,3,388.68732,214.0122
65037,Electronic,8.758102,11.428125,65037,2,242.36249,330.73343
47069,Electronic,9.718127,9.116736,47069,0,303.4141,173.80489
52629,Electronic,11.347242,8.858304,52629,3,407.0157,156.25897
47075,Electronic,7.8730607,10.54128,47075,2,186.07933,270.52228
9442,Electronic,9.496741,8.47775,9442,0,289.33533,130.42178
146879,Electronic,8.140249,11.740829,146879,2,203.07086,351.96402
123001,Electronic,9.25836,8.484454,123001,0,274.17575,130.87695
84264,Electronic,10.690634,9.782652,84264,3,365.25946,219.01628
108531,Electronic,11.539444,9.95366,108531,3,419.23853,230.62665
123937,Electronic,10.041153,11.223315,123937,2,323.9565,316.82812
407,Electronic,9.209583,9.083938,407,0,271.07385,171.57805
71509,Electronic,11.713282,8.648258,71509,3,430.29352,141.9982
47070,Electronic,9.762702,8.413318,47070,0,306.24878,126.04725
73370,Electronic,11.354037,8.823467,73370,3,407.4478,153.89378
92549,Electronic,11.357631,10.21897,92549,3,407.67633,248.63951
36380,Electronic,11.359838,10.415073,36380,3,407.81668,261.95367
130920,Electronic,7.091447,10.565117,130920,1,136.37355,272.14066
52650,Electronic,7.0207944,8.607127,52650,1,131.8805,139.20567
52641,Electronic,11.613239,9.170379,52641,3,423.93146,177.44685
114545,Electronic,10.027328,8.807279,114545,3,323.0773,152.79468
108415,Electronic,8.763908,10.812214,108415,2,242.7317,288.91696
108524,Electronic,11.475189,8.860206,108524,3,415.1523,156.38808
45150,Electronic,8.847996,10.851808,45150,2,248.07915,291.60513
110109,Electronic,9.417335,8.142384,110109,0,284.28555,107.65255
84484,Electronic,10.550541,11.51164,84484,2,356.35043,336.4035
97959,Electronic,8.893999,11.181342,97959,2,251.00467,313.97842
121451,Electronic,8.729618,9.689939,121451,2,240.55106,212.72165
112490,Electronic,11.00934,9.831272,112490,3,385.52722,222.31729
84485,Electronic,10.41124,11.411976,84485,2,347.49173,329.63696
73340,Electronic,7.7375693,8.438079,73340,0,177.46292,127.72837
42376,Electronic,10.625432,10.79353,42376,3,361.11304,287.64847
7544,Electronic,10.71013,9.204464,7544,3,366.4993,179.76102
14995,Electronic,11.648119,10.4197645,14995,3,426.14957,262.27216
10646,Electronic,8.698889,10.645679,10646,2,238.59686,277.61035
12968,Electronic,7.2208033,11.448373,12968,1,144.59981,332.1081
65038,Electronic,7.023943,11.929425,65038,1,132.08072,364.76846
93364,Electronic,5.392559,11.342784,93364,1,28.334845,324.93927
142078,Electronic,10.880591,10.536705,142078,3,377.3396,270.21167
123004,Electronic,8.003172,9.988881,123004,2,194.35359,233.01793
98205,Electronic,10.17132,9.340978,98205,3,332.23434,189.02943
71506,Electronic,10.046804,9.62565,71506,3,324.31592,208.35689
13522,Electronic,7.2533298,10.181071,13522,1,146.66829,246.06642
92466,Electronic,8.896605,10.203063,92466,2,251.17036,247.55951
9394,Electronic,5.538386,8.87365,9394,1,37.608524,157.30084
108339,Electronic,10.127554,9.458279,108339,3,329.45108,196.99342
6884,Electronic,7.703962,7.843249,6884,0,175.3257,87.343216
114556,Electronic,10.275162,9.238625,114556,3,338.838,182.0803
110102,Electronic,12.293183,10.044233,110102,3,467.17166,236.77599
140922,Electronic,6.0680575,10.269418,140922,1,71.29235,252.06458
71420,Electronic,7.204995,11.029537,71420,1,143.59451,303.6718
6755,Electronic,9.486612,7.121237,6755,0,288.6912,38.32321
108528,Electronic,10.83589,8.53027,108528,3,374.49686,133.98753
100535,Electronic,9.401936,9.99709,100535,2,283.30627,233.57529
48442,Electronic,10.63249,11.4456415,48442,3,361.5619,331.92264
108529,Electronic,11.580848,10.181465,108529,3,421.87155,246.09315
110107,Electronic,12.321934,10.058791,110107,3,469.0,237.76437
45152,Electronic,9.998852,11.029123,45152,2,321.26642,303.64374
68444,Electronic,10.013222,9.904255,68444,3,322.18027,227.27235
31568,Electronic,9.759341,8.020012,31568,0,306.03506,99.3443
110687,Electronic,7.9725947,9.701703,110687,2,192.40907,213.52039
110108,Electronic,12.300278,10.079237,110108,3,467.6228,239.15251
123934,Electronic,11.36645,9.265377,123934,3,408.23718,183.89664
69985,Electronic,10.224455,9.25084,69985,3,335.61337,182.90967
121454,Electronic,9.893833,10.447914,121454,2,314.5879,264.18335
56802,Electronic,8.2430525,10.848123,56802,2,209.6085,291.35495
69732,Electronic,11.257399,10.485663,69732,3,401.3022,266.74628
132775,Electronic,7.095686,11.848006,132775,1,136.64313,359.24063
66074,Electronic,9.469853,9.379684,66074,2,287.62543,191.65738
73342,Electronic,8.97558,9.131668,73342,0,256.19272,174.81865
85318,Electronic,9.215801,11.160933,85318,2,271.4693,312.59274
13096,Electronic,10.615824,9.935015,13096,3,360.502,229.36075
5966,Electronic,9.121752,8.490298,5966,0,265.4883,131.27374
71096,Electronic,8.367647,9.129747,71096,0,217.53195,174.68825
92561,Electronic,11.598331,8.999843,92561,3,422.9834,165.86855
71511,Electronic,9.288644,7.9418592,71511,0,276.10162,94.03823
42019,Electronic,11.125818,9.172297,42019,3,392.9345,177.57706
36096,Electronic,11.138119,10.993848,36096,3,393.71674,301.24875
52638,Electronic,9.909572,9.35205,52638,3,315.58878,189.78116
130921,Electronic,10.1825,8.000506,130921,0,332.9453,98.02
144592,Electronic,9.031115,9.18318,144592,0,259.72437,178.31596
9931,Electronic,5.857078,11.08244,9931,1,57.875366,307.2636
87069,Electronic,10.095567,9.4148655,87069,3,327.4169,194.04594
114279,Electronic,12.282046,10.110456,114279,3,466.4634,241.27213
14159,Electronic,9.495901,8.112908,14159,0,289.2819,105.651375
107911,Electronic,5.6798635,9.5598135,107911,1,46.605618,203.88698
107429,Electronic,10.784267,11.095464,107429,3,371.214,308.14783
99707,Electronic,10.497962,7.746688,99707,0,353.00674,80.787346
1338,Electronic,6.1634107,10.581954,1338,1,77.35622,273.28378
91086,Electronic,11.175149,8.070232,91086,3,396.07162,102.753944
99704,Electronic,11.0674925,8.513585,99704,3,389.22534,132.85477
127350,Electronic,10.250202,6.810174,127350,0,337.25076,17.204037
79606,Electronic,11.816757,9.246748,79606,3,436.87393,182.63184
71822,Electronic,7.9384055,9.606472,71822,2,190.23486,207.0548
52632,Electronic,10.131688,6.9788337,52632,0,329.714,28.654951
14494,Electronic,11.27415,9.658469,14494,3,402.36746,210.58507
36998,Electronic,11.154167,11.083169,36998,3,394.7373,307.31308
5967,Electronic,9.934618,9.232351,5967,3,317.18155,181.65439
35299,Electronic,11.387278,10.605121,35299,3,409.56168,274.85666
47074,Electronic,8.400786,9.6057625,47074,2,219.6394,207.00662
47077,Electronic,7.970645,10.7012415,47077,2,192.28508,281.38266
1482,Electronic,8.114717,11.390142,1482,2,201.44714,328.15463
118070,Electronic,8.449742,11.547767,118070,2,222.7527,338.8563
100544,Electronic,10.50039,7.8577423,100544,0,353.16116,88.32723
35296,Electronic,8.348218,8.752394,35296,0,216.29639,149.06834
128758,Electronic,11.455218,9.415997,128758,3,413.8823,194.12273
45154,Electronic,10.645887,8.678377,45154,3,362.41388,144.04309
73366,Electronic,8.84697,10.002002,73366,2,248.01389,233.90874
85346,Electronic,11.067742,10.496257,85346,3,389.24124,267.46548
107426,Electronic,11.113605,10.041856,107426,3,392.15778,236.61458
114282,Electronic,12.138057,9.733149,114282,3,457.30658,215.65532
97960,Electronic,8.288205,9.766898,97960,2,212.47993,217.9467
98206,Electronic,11.200379,10.483044,98206,3,397.67612,266.56842
125156,Electronic,10.469466,9.3416815,125156,3,351.19458,189.07721
75762,Electronic,11.86614,8.694237,75762,3,440.01437,145.11986
139992,Electronic,10.462541,8.699535,139992,3,350.75415,145.4796
121595,Electronic,9.15953,7.6423335,121595,0,267.89078,73.70235
4521,Electronic,9.731825,7.91556,4521,0,304.2852,92.25266
100522,Electronic,11.040998,11.086983,100522,3,387.5405,307.57202
92546,Electronic,11.729314,9.759484,92546,3,431.31305,217.44336
127349,Electronic,9.991258,9.81699,127349,3,320.7835,221.34761
85837,Electronic,10.355868,7.683293,85837,0,343.97046,76.48322
108230,Electronic,11.479861,8.50178,108230,3,415.44943,132.05324
71515,Electronic,11.975213,9.622783,71515,3,446.9507,208.16219
121452,Electronic,10.10912,9.115026,121452,3,328.27884,173.68878
410,Electronic,9.596587,8.753878,410,0,295.6849,149.16908
116242,Electronic,10.954217,11.21717,116242,3,382.02173,316.4109
40845,Electronic,10.965208,8.028929,40845,3,382.72067,99.94969
87161,Electronic,9.650392,9.362569,87161,3,299.10654,190.49533
91085,Electronic,11.638757,9.380854,91085,3,425.5542,191.73676
13900,Electronic,7.298114,11.286903,13900,1,149.51628,321.14536
56797,Electronic,8.202784,11.220966,56797,2,207.04765,316.66864
108421,Electronic,10.045415,11.407734,108421,2,324.22757,329.34897
116880,Electronic,10.351468,10.619494,116880,3,343.69064,275.83255
145645,Electronic,10.906192,11.084758,145645,3,378.96762,307.42096
87070,Electronic,11.098557,9.910312,87070,3,391.20087,227.68356
92284,Electronic,10.367276,9.6186,92284,3,344.69592,207.8782
139994,Electronic,10.23041,10.492262,139994,3,335.99207,267.19427
56795,Electronic,7.7412143,11.586308,56795,2,177.69472,341.47296
140934,Electronic,10.142891,10.909164,140934,2,330.42642,295.4993
14187,Electronic,9.972457,8.407359,14187,0,319.5879,125.6427
93521,Electronic,5.477637,8.539477,93521,1,33.745262,134.61269
85317,Electronic,9.849161,10.858236,85317,2,311.74704,292.0416
1319,Electronic,10.811231,9.152701,1319,3,372.92868,176.24667
107910,Electronic,8.956693,11.084913,107910,2,254.9916,307.43152
116240,Electronic,11.8360195,9.560902,116240,3,438.09888,203.96086
14869,Electronic,11.545142,10.456831,14869,3,419.6009,264.78873
85834,Electronic,10.315431,10.79397,85834,3,341.39886,287.6783
109904,Folk,5.338304,11.121248,109904,1,24.884563,309.8984
20432,Folk,7.966495,10.326747,20432,2,192.02118,255.95686
3904,Folk,6.0129094,10.019816,3904,1,67.78527,235.11824
88856,Folk,8.949624,8.031428,88856,0,254.54207,100.1194
1196,Folk,8.373918,8.867889,1196,0,217.93071,156.90976
540,Folk,7.0913033,8.756139,540,1,136.36443,149.3226
83438,Folk,6.335696,11.20986,83438,1,88.31251,315.91458
88876,Folk,8.956104,8.116599,88876,0,254.95418,105.90195
38828,Folk,5.053595,9.2288685,38828,1,6.7788424,181.41794
139522,Folk,6.2507377,10.671491,139522,1,82.90967,279.36276
110438,Folk,6.139023,9.775579,110438,1,75.8053,218.53612
130955,Folk,7.2617536,10.794476,130955,1,147.204,287.71265
204,Folk,5.451815,9.630607,204,1,32.103165,208.69339
33446,Folk,5.5398088,11.552785,33446,1,37.69901,339.197
107589,Folk,5.62612,8.977315,107589,1,43.187874,164.33905
130940,Folk,7.8302565,10.194022,130940,2,183.35725,246.9457
88848,Folk,6.8691316,11.5136,88848,1,122.23568,336.53662
7711,Folk,6.879295,11.195966,7711,1,122.882,314.97125
10385,Folk,6.3646045,9.596146,10385,1,90.150894,206.3537
43016,Folk,9.317509,10.516904,43016,2,277.93726,268.8673
122934,Folk,8.301039,11.196156,122934,2,213.29608,314.98416
91098,Folk,6.788191,10.71209,91098,1,117.088356,282.11917
4224,Folk,7.2954917,11.005918,4224,1,149.34953,302.0682
83440,Folk,6.767832,10.693974,83440,1,115.79364,280.8892
88875,Folk,8.848572,8.890174,88875,0,248.11577,158.42273
129442,Folk,7.4600015,8.675031,129442,0,159.81133,143.81589
85491,Folk,7.7521434,10.43087,85491,2,178.38974,263.02615
146968,Folk,5.4743576,8.904874,146968,1,33.536724,159.42076
12045,Folk,7.920524,7.869272,12045,0,189.09772,89.11004
107590,Folk,5.62245,9.41045,107590,1,42.95447,193.74615
27975,Folk,6.6988173,10.110037,27975,1,111.40475,241.24364
12046,Folk,8.902868,7.430338,12046,0,251.5687,59.3092
23014,Folk,7.5860977,10.411379,23014,1,167.83028,261.70282
67598,Folk,6.7312303,9.377209,67598,1,113.46601,191.48929
73675,Folk,7.0130224,9.397931,73675,1,131.38625,192.89621
61006,Folk,7.181246,12.18922,61006,1,142.0842,382.40692
12985,Folk,9.287835,9.825903,12985,2,276.0502,221.95276
126491,Folk,7.253241,9.411546,126491,1,146.66266,193.82056
68861,Folk,7.7136097,7.7081027,68861,0,175.93924,78.167656
106342,Folk,6.402957,10.9544115,106342,1,92.589874,298.57126
56472,Folk,9.40987,8.730632,56472,0,283.81085,147.59085
118738,Folk,7.944861,8.171619,118738,0,190.64539,109.63748
5054,Folk,6.1685996,11.423181,5054,1,77.6862,330.3977
116447,Folk,7.7836475,9.330375,116447,2,180.3932,188.30956
92538,Folk,6.8048863,10.644423,92538,1,118.150085,277.525
111186,Folk,6.7576227,10.75775,111186,1,115.14441,285.21918
96694,Folk,7.3628707,11.413125,96694,1,153.63441,329.715
85488,Folk,7.021965,10.29164,85488,1,131.95494,253.57335
1704,Folk,5.862888,11.033706,1704,1,58.244835,303.95483
38779,Folk,5.3868294,9.711546,38779,1,27.970474,214.18864
87972,Folk,5.4956,11.1407175,87972,1,34.887623,311.22025
39488,Folk,8.62813,10.232259,39488,2,234.09705,249.54172
61007,Folk,6.7091675,11.268073,61007,1,112.06296,319.86688
72058,Folk,7.477268,9.44784,72058,1,160.9094,196.28468
53725,Folk,7.70872,10.550561,53725,2,175.6283,271.1524
3272,Folk,6.2980986,10.877827,3272,1,85.92153,293.37164
68851,Folk,8.137414,8.7420435,68851,0,202.89056,148.36563
118739,Folk,7.9127216,7.960516,118739,0,188.60152,95.3049
146970,Folk,6.8940763,10.129668,146970,1,123.822014,242.57648
85438,Folk,5.420189,11.365169,85438,1,30.091932,326.45905
130945,Folk,6.0859475,10.234552,130945,1,72.43004,249.69743
19707,Folk,4.994605,9.807825,19707,1,3.027445,220.72539
45516,Folk,8.455162,8.726,45516,0,223.09737,147.27637
133638,Folk,6.5967307,11.034111,133638,1,104.91268,303.98236
148602,Folk,6.707061,10.440808,148602,1,111.928986,263.7009
146969,Folk,7.440225,9.549176,146969,1,158.55368,203.16478
142529,Folk,6.2521815,10.214636,142529,1,83.001495,248.34523
108306,Folk,6.362091,9.436946,108306,1,89.99106,195.54506
38778,Folk,5.009032,9.263899,38778,1,3.944894,183.79626
126490,Folk,5.848805,9.674446,126490,1,57.349247,211.6698
38785,Folk,4.998712,9.295622,38785,1,3.2886248,185.95006
88861,Folk,7.42136,10.335198,88861,1,157.35397,256.53067
125185,Folk,6.7483253,9.38771,125185,1,114.553154,192.20222
130948,Folk,7.0667224,10.45852,130948,1,134.80122,264.9034
138406,Folk,7.7435627,10.4913,138406,2,177.84407,267.12894
12066,Folk,5.089799,10.101511,12066,1,9.081183,240.66478
129695,Folk,8.269074,9.854015,129695,2,211.26335,223.8614
109896,Folk,7.2164755,9.809651,109896,1,144.3246,220.84938
88854,Folk,9.056157,8.302712,88854,0,261.31693,118.53786
4101,Folk,8.4343405,8.086571,4101,0,221.77324,103.86322
5170,Folk,5.374441,11.26817,5170,1,27.18266,319.8735
138015,Folk,5.58898,8.974439,138015,1,40.826008,164.14377
8256,Folk,5.9387994,10.6714,8256,1,63.072334,279.3566
68838,Folk,6.130743,9.163799,68838,1,75.278755,177.00015
141,Folk,7.0676684,11.075563,141,1,134.86139,306.79672
109906,Folk,5.34066,9.811266,109906,1,25.034393,220.959
194,Folk,6.4044595,9.674071,194,1,92.685425,211.64436
12049,Folk,7.236373,8.441764,12049,0,145.58995,127.97856
126746,Folk,6.0632734,9.990369,126746,1,70.98811,233.11894
38822,Folk,5.243243,9.421572,38822,1,18.839287,194.50125
91796,Folk,5.3709435,10.828057,91796,1,26.960234,289.9926
40245,Folk,6.714159,8.797606,40245,1,112.38039,152.138
82505,Folk,5.516518,9.262274,82505,1,36.217873,183.68594
17606,Folk,9.451569,7.630329,17606,0,286.46262,72.88733
72059,Folk,9.525331,10.672127,72059,2,291.1534,279.40594
54064,Folk,5.036598,10.011,54064,1,5.697948,234.51964
73174,Folk,7.0825124,9.782589,73174,1,135.80537,219.01201
107596,Folk,5.4379635,8.979071,107596,1,31.222284,164.45825
116707,Folk,8.591228,10.023065,116707,2,231.75027,235.33878
72056,Folk,8.429375,8.493697,72056,0,221.45744,131.5045
116874,Folk,6.379651,10.903013,116874,1,91.107765,295.08167
127266,Folk,5.738171,11.200209,127266,1,50.31362,315.25934
72050,Folk,7.45688,9.354122,72050,1,159.61284,189.92186
89484,Folk,5.6707425,9.457123,89484,1,46.025585,196.91495
83439,Folk,6.3168497,11.357606,83439,1,87.11398,325.9456
52945,Folk,6.224961,10.653182,52945,1,81.270424,278.11972
80005,Folk,7.942922,9.541961,80005,2,190.52208,202.6749
80002,Folk,7.887575,10.693547,80002,2,187.00237,280.86026
85482,Folk,5.932244,9.572685,85482,1,62.65544,204.7609
111182,Folk,6.31089,10.785449,111182,1,86.735,287.0998
108012,Folk,9.109925,8.960356,108012,0,264.73624,163.18764
116448,Folk,8.05046,8.702734,116448,0,197.36081,145.69676
127265,Folk,5.3245893,9.697337,127265,1,24.012388,213.22395
105916,Folk,5.0642786,10.071769,105916,1,7.458249,238.64548
113360,Folk,7.070574,10.798469,113360,1,135.04616,287.98373
145554,Folk,5.556075,9.163706,145554,1,38.733448,176.9938
3271,Folk,6.89763,9.306012,3271,1,124.04802,186.65549
68860,Folk,7.668772,7.7873306,68860,0,173.08786,83.54672
38830,Folk,4.962852,9.232951,38830,1,1.0081477,181.69511
620,Folk,7.240935,9.050072,620,1,145.88005,169.27878
107571,Folk,6.122337,9.261104,107571,1,74.74418,183.60649
85484,Folk,5.65145,9.118667,85484,1,44.79871,173.93593
69765,Folk,8.439314,7.551278,69765,0,222.08951,67.52027
12059,Folk,6.988642,10.068146,12059,1,129.83582,238.39949
49846,Folk,6.7137465,11.441589,49846,1,112.35416,331.64752
107598,Folk,5.344589,10.958225,107598,1,25.284264,298.8302
3779,Folk,9.364202,9.770938,3779,2,280.90662,218.22098
38784,Folk,4.9948764,9.203156,38784,1,3.0446994,179.67226
142519,Folk,5.315264,10.552293,142519,1,23.419374,271.27
112252,Folk,6.5906796,10.429651,112252,1,104.52787,262.94342
10442,Folk,6.4889865,9.949265,10442,1,98.060814,230.32822
49857,Folk,7.6605687,10.854847,49857,2,172.56616,291.81146
107594,Folk,7.0566344,10.559358,107594,1,134.1597,271.74963
210,Folk,5.5982275,9.492707,210,1,41.41408,199.3309
91797,Folk,5.764935,8.953293,91797,1,52.01564,162.70811
4094,Folk,8.137587,10.180245,4094,2,202.90154,246.01035
43020,Folk,6.654267,10.481548,43020,1,108.57162,266.4669
40236,Folk,7.242241,8.767603,40236,1,145.96312,150.10095
115930,Folk,7.0436187,9.496207,115930,1,133.33197,199.56853
74445,Folk,6.9304066,10.633385,74445,1,126.132385,276.7756
80000,Folk,5.6675687,10.554894,80000,1,45.82375,271.44662
63208,Folk,5.396449,9.594961,63208,1,28.582228,206.27328
12485,Folk,7.6734343,8.1055,12485,0,173.38434,105.14841
188,Folk,5.8427477,10.680713,188,1,56.964043,279.98886
148532,Folk,5.841862,10.096338,148532,1,56.907734,240.31358
40239,Folk,7.417705,8.983574,40239,1,157.12154,164.76399
131901,Folk,7.886892,8.167555,131901,0,186.95891,109.36152
116456,Folk,7.1243634,10.271871,116456,1,138.46684,252.23111
148604,Folk,7.26501,10.88911,148604,1,147.41107,294.1377
133639,Folk,6.4366016,10.952296,133639,1,94.72946,298.42767
73170,Folk,5.618124,10.615401,73170,1,42.679375,275.55466
38821,Folk,6.452558,10.143155,38821,1,95.744194,243.49214
73171,Folk,6.8830824,10.268824,73171,1,123.12286,252.02425
130944,Folk,5.5367246,9.986544,130944,1,37.502876,232.85924
91934,Folk,6.6900735,9.6585455,91934,1,110.8487,210.59026
43021,Folk,9.330986,10.512288,43021,2,278.7943,268.55392
87968,Folk,6.296814,8.97398,87968,1,85.839836,164.11263
110172,Folk,7.2644587,10.281759,110172,1,147.37602,252.90248
4097,Folk,8.307844,8.705893,4097,0,213.72885,145.91121
3778,Folk,9.6634245,9.538864,3778,2,299.93533,202.46466
73175,Folk,6.998956,10.028088,73175,1,130.49171,235.67981
38820,Folk,6.3567944,10.650332,38820,1,89.65422,277.92624
10388,Folk,6.5685306,9.266905,10388,1,103.11932,184.00035
3266,Folk,7.597896,10.649224,3266,1,168.58057,277.851
12791,Folk,5.9819136,9.98595,12791,1,65.81413,232.81895
3777,Folk,9.102528,11.123178,3777,2,264.26578,310.02942
52946,Folk,6.888661,10.047629,52946,1,123.47762,237.00656
110440,Folk,5.186581,10.012705,110440,1,15.2359295,234.6354
52947,Folk,6.6282916,9.946093,52947,1,106.919754,230.11287
17609,Folk,5.3261585,11.105464,17609,1,24.112185,308.82678
52508,Folk,6.705498,10.418529,52508,1,111.82961,262.18823
69767,Folk,5.2933235,10.88033,69767,1,22.024082,293.54163
4102,Folk,8.642383,7.9725614,4102,0,235.00342,96.12271
3921,Folk,6.0441995,10.36781,3921,1,69.77512,258.7448
115944,Folk,5.2224407,10.092061,115944,1,17.516376,240.0232
3880,Folk,6.2349634,11.101292,3880,1,81.906525,308.5435
113946,Folk,7.0598087,10.613951,113946,1,134.36156,275.45618
118674,Folk,5.9489255,11.077264,118674,1,63.716293,306.91217
40229,Folk,7.31952,9.908782,40229,1,150.87758,227.57971
88846,Folk,9.225109,8.110265,88846,0,272.06122,105.47189
92292,Folk,5.7221184,9.396503,92292,1,49.29277,192.79927
40241,Folk,7.7358317,8.138167,40241,0,177.35242,107.3663
2097,Folk,7.64157,8.675606,2097,0,171.35797,143.85493
53727,Folk,9.25225,9.262052,53727,0,273.78717,183.67085
109902,Folk,5.5971537,8.960531,109902,1,41.34579,163.19955
148605,Folk,6.600093,10.31126,148605,1,105.12649,254.90541
10438,Folk,8.093773,7.519051,10438,0,200.11525,65.33226
212,Folk,5.6579256,9.769138,212,1,45.21051,218.0988
12067,Folk,7.3512864,8.531666,12067,0,152.89774,134.08232
40232,Folk,7.737803,7.8472643,40232,0,177.47778,87.61584
73572,Folk,6.7657304,9.495916,73572,1,115.66,199.54878
38819,Folk,5.007997,9.306572,38819,1,3.8790913,186.6935
56470,Folk,10.080114,10.551342,56470,2,326.43423,271.20544
13929,Folk,5.609711,10.954262,13929,1,42.14437,298.5611
89477,Folk,8.587844,7.734817,89477,0,231.5351,79.981384
6868,Folk,5.77803,10.646112,6868,1,52.848396,277.63974
105915,Folk,6.9917536,10.07513,105915,1,130.03368,238.87372
67600,Folk,6.7120047,9.658609,67600,1,112.243385,210.59459
31887,Folk,6.282861,10.772575,31887,1,84.95253,286.22577
137907,Folk,6.2461357,10.164592,137907,1,82.61701,244.94757
142517,Folk,6.9018693,10.6506,142517,1,124.3176,277.94446
87971,Folk,7.3442254,10.02086,87971,1,152.4487,235.18907
105712,Folk,6.4671984,11.668695,105712,1,96.675224,347.0666
109900,Folk,5.322387,10.643507,109900,1,23.872353,277.46286
128500,Folk,5.8369617,9.848545,128500,1,56.596096,223.49
126790,Folk,6.760619,9.679011,126790,1,115.33497,211.97975
113167,Folk,6.016695,8.581705,113167,1,68.02602,137.47968
88860,Folk,7.5434165,11.141704,88860,1,165.11601,311.2872
93716,Folk,6.803263,10.646344,93716,1,118.04686,277.65546
148535,Folk,8.045368,10.749473,148535,2,197.03702,284.65723
602,Folk,6.865811,11.331464,602,1,122.024506,324.17072
85691,Folk,5.5168424,10.952922,85691,1,36.23849,298.47012
105919,Folk,6.4343476,8.914842,105919,1,94.58612,160.09752
116454,Folk,6.592273,9.462833,116454,1,104.62921,197.30266
108304,Folk,7.1200614,9.51308,108304,1,138.19325,200.71405
53728,Folk,8.262333,10.149872,53728,2,210.83463,243.94817
43030,Folk,8.911869,8.2344475,43030,0,252.14108,113.9031
69761,Folk,6.7608185,9.112348,69761,1,115.34764,173.50691
68840,Folk,6.2187595,8.986986,68840,1,80.87606,164.99567
126747,Folk,7.634769,9.792495,126747,1,170.92546,219.68456
131900,Folk,5.376881,9.172415,131900,1,27.337826,177.58508
43029,Folk,9.316956,10.388506,43029,2,277.90207,260.1499
72565,Folk,5.882545,11.400297,72565,1,59.494907,328.84406
12674,Folk,7.5743566,11.190053,12674,2,167.0836,314.56982
15487,Folk,6.1559772,10.263917,15487,1,76.8835,251.6911
130667,Folk,5.8840985,10.139298,130667,1,59.5937,243.2303
40230,Folk,7.4695573,8.576423,40230,0,160.41902,137.12103
3708,Folk,4.9587884,9.859508,3708,1,0.7497276,224.2343
108299,Folk,7.2753158,9.8064995,108299,1,148.06647,220.63539
63258,Folk,7.6723156,8.388527,63258,0,173.31319,124.36411
3912,Folk,5.298343,10.030722,3912,1,22.343302,235.85864
4450,Folk,6.994273,11.0492,4450,1,130.19391,305.0068
131902,Folk,7.271116,11.301569,131902,1,147.79938,322.14105
72046,Folk,7.3251004,9.5305,72046,1,151.23247,201.8968
51918,Folk,8.462826,9.3838415,51918,2,223.58473,191.9396
11999,Folk,7.550258,10.822035,11999,1,165.5511,289.58374
17611,Folk,9.151979,10.676085,17611,2,267.4106,279.6747
57648,Folk,7.91069,11.119152,57648,2,188.4723,309.7561
107578,Folk,8.36973,9.133674,107578,0,217.66441,174.95482
10481,Folk,8.128225,7.7170568,10481,0,202.30621,78.77558
45514,Folk,7.4344573,9.4954815,45514,1,158.18689,199.51926
144551,Folk,7.6373425,10.21949,144551,1,171.08911,248.6748
113357,Folk,6.664265,10.904578,113357,1,109.20745,295.1879
80001,Folk,9.168837,7.69917,80001,0,268.48264,77.56119
12048,Folk,7.2467856,9.484685,12048,1,146.25214,198.78624
31165,Folk,10.655466,10.043727,31165,3,363.023,236.74161
47868,Folk,6.410183,11.687228,47868,1,93.0494,348.32483
51659,Folk,7.085018,10.876824,51659,1,135.96472,293.3036
714,Folk,7.0050344,10.988981,714,1,130.87825,300.91833
115935,Folk,6.179031,11.218121,115935,1,78.34956,316.47543
115932,Folk,7.296477,9.753136,115932,1,149.41219,217.01233
38834,Folk,6.77756,11.119372,38834,1,116.412315,309.77106
38824,Folk,6.0639853,10.700836,38824,1,71.03339,281.35513
79986,Folk,6.7683744,10.301485,79986,1,115.828156,254.24174
3264,Folk,6.662422,10.770136,3264,1,109.09025,286.06015
5157,Folk,5.540871,8.933876,5157,1,37.76657,161.38983
12481,Folk,5.284806,10.735009,12481,1,21.482407,283.67526
73658,Folk,7.5618906,10.711649,73658,1,166.29085,282.08923
90625,Folk,8.912864,9.48108,90625,2,252.20435,198.54149
9888,Folk,5.866532,10.147615,9888,1,58.47657,243.79498
43022,Folk,6.74504,8.932849,43022,1,114.34422,161.3201
61012,Folk,10.982323,8.036022,61012,3,383.80908,100.43129
6779,Folk,5.237052,10.211191,6779,1,18.44556,248.11136
130951,Folk,7.1086345,10.713508,130951,1,137.46657,282.21545
73568,Folk,6.7717137,9.449493,73568,1,116.04051,196.39696
145555,Folk,6.894568,11.171785,145555,1,123.85328,313.32956
27978,Folk,6.691682,11.178891,27978,1,110.95098,313.812
56471,Folk,9.484133,8.969561,56471,0,288.5335,163.81259
12488,Folk,7.6864753,10.435693,12488,2,174.21365,263.35358
38818,Folk,6.1802206,10.667406,38818,1,78.425224,279.08545
15488,Folk,6.031672,10.262569,15488,1,68.978455,251.59962
68837,Folk,5.7633348,9.142317,68837,1,51.913876,175.54163
107574,Folk,5.8150773,9.783466,107574,1,55.20438,219.07158
91936,Folk,5.2305455,9.974882,91936,1,18.031792,232.06749
120172,Folk,6.5678024,10.885818,120172,1,103.07302,293.91418
12065,Folk,7.620124,8.07728,12065,0,169.99413,103.23244
52502,Folk,6.683289,10.480427,52502,1,110.41725,266.39075
72607,Folk,5.8371167,11.363168,72607,1,56.60595,326.3232
72605,Folk,5.9179277,11.408246,72605,1,61.74503,329.38373
63457,Folk,7.785745,8.186731,63457,0,180.52661,110.66348
4091,Folk,7.860708,9.580143,4091,2,185.2938,205.26723
61010,Folk,6.385998,10.435824,61010,1,91.511375,263.36252
67017,Folk,5.512596,8.931861,67017,1,35.968456,161.25302
43018,Folk,9.2188835,8.488558,43018,0,271.66528,131.15556
12484,Folk,7.1307817,8.923686,12484,1,138.875,160.698
48808,Folk,8.438386,7.97309,48808,0,222.0305,96.158615
110437,Folk,6.1263976,9.950637,110437,1,75.00242,230.42139
96729,Folk,5.5995502,9.211903,96729,1,41.4982,180.26605
127191,Folk,9.161097,10.746899,127191,2,267.99042,284.48248
105890,Folk,6.9338136,10.442723,105890,1,126.34905,263.8309
115927,Folk,5.583803,8.944937,115927,1,40.496784,162.14078
63257,Folk,9.09839,9.054735,63257,0,264.00262,169.5954
89485,Folk,6.7798758,10.391721,89485,1,116.55956,260.36816
38777,Folk,6.112264,10.328756,38777,1,74.103615,256.0933
105918,Folk,5.111859,10.015722,105918,1,10.484056,234.84027
49844,Folk,5.206618,10.097833,49844,1,16.51014,240.41504
33049,Folk,6.930818,10.779778,33049,1,126.15856,286.71475
130954,Folk,5.408677,9.9647045,130954,1,29.359854,231.3765
110927,Folk,5.4044104,11.141371,110927,1,29.088514,311.26462
127267,Folk,5.1908736,10.075125,127267,1,15.508905,238.87332
544,Folk,8.860312,8.463112,544,0,248.86241,129.42795
38826,Folk,5.2570615,9.27326,38826,1,19.718042,184.43184
116872,Folk,6.5984893,9.897781,116872,1,105.02451,226.83284
197,Folk,5.6626625,11.200879,197,1,45.511745,315.30484
84009,Folk,5.6166,10.735282,84009,1,42.58246,283.6938
126979,Folk,5.338033,11.14873,126979,1,24.86734,311.76428
8259,Folk,8.726981,10.950625,8259,2,240.38336,298.3142
49848,Folk,6.6703115,10.511461,49848,1,109.59196,268.49777
113950,Folk,6.8783674,10.599313,113950,1,122.82302,274.46234
116449,Folk,7.791788,9.646022,116449,2,180.9109,209.73997
49847,Folk,7.214086,10.055167,49847,1,144.17264,237.51833
88877,Folk,8.184642,11.19339,88877,2,205.89395,314.7964
6467,Folk,7.1571913,10.710055,6467,1,140.55449,281.98105
91186,Folk,6.4795156,11.354912,91186,1,97.45852,325.7627
85486,Folk,5.491045,10.060207,85486,1,34.59794,237.86053
76437,Folk,5.668133,8.893419,76437,1,45.859623,158.64308
32756,Folk,8.991049,11.325259,32756,2,257.17642,323.74945
108305,Folk,6.5748434,9.839419,108305,1,103.52078,222.87044
54297,Folk,5.6619115,8.960155,54297,1,45.463985,163.17397
23015,Folk,8.159011,10.2113285,23015,2,204.26399,248.12068
107588,Folk,7.5250177,9.709484,107588,1,163.94597,214.04866
16334,Folk,9.6680565,10.6589985,16334,2,300.22992,278.51462
94422,Folk,5.484303,10.014347,94422,1,34.16919,234.7469
79988,Folk,5.219613,9.876858,79988,1,17.336555,225.41226
17607,Folk,6.35646,9.37733,17607,1,89.63296,191.49751
92540,Folk,6.8343487,10.618746,92540,1,120.023705,275.7817
10684,Folk,7.9768686,7.8316693,10684,0,192.68088,86.55704
38781,Folk,4.946999,9.191362,38781,1,0.0,178.8715
12844,Folk,7.7896824,9.962531,12844,2,180.777,231.22893
13494,Folk,8.209292,7.5540433,13494,0,207.46158,67.70801
51919,Folk,8.215616,8.678538,51919,0,207.86374,144.05403
52501,Folk,5.473372,10.115504,52501,1,33.474045,241.61484
142532,Folk,6.935162,10.262511,142532,1,126.43481,251.59567
133788,Folk,8.049791,8.422476,133788,0,197.3183,126.66902
23371,Folk,8.007478,10.21193,23371,2,194.62743,248.16154
91170,Folk,7.8224664,10.389154,91170,2,182.86185,260.19394
6856,Folk,6.5313377,11.312969,6856,1,100.75409,322.91504
139520,Folk,6.6026382,10.561881,139520,1,105.28836,271.92096
67766,Folk,5.908056,9.258607,67766,1,61.117233,183.43698
91102,Folk,7.3259196,10.790143,91102,1,151.28456,287.4185
6461,Folk,7.1698833,10.516342,6461,1,141.36162,268.82916
85492,Folk,7.804187,10.402023,85492,2,181.69939,261.06766
13927,Folk,6.387323,10.392043,13927,1,91.59564,260.39005
140,Folk,8.367581,10.321583,140,2,217.52777,255.60625
3775,Folk,9.081048,9.733328,3775,2,262.8998,215.6675
12677,Folk,7.5308704,11.33564,12677,1,164.31816,324.45425
115948,Folk,5.1570444,9.949332,115948,1,13.357578,230.33281
88872,Folk,8.145508,10.325637,88872,2,203.40527,255.8815
9257,Folk,6.15837,9.743415,9257,1,77.03566,216.35234
96728,Folk,5.493763,9.197644,96728,1,34.770786,179.298
10992,Folk,7.356015,9.101732,10992,1,153.19846,172.7862
118672,Folk,6.81518,10.919946,118672,1,118.80469,296.23126
34147,Folk,5.010452,9.955697,34147,1,4.0351987,230.76495
97211,Folk,5.2859974,10.10753,97211,1,21.558186,241.07341
53587,Folk,8.2605715,7.5308256,53587,0,210.72261,66.131676
63255,Folk,7.5857744,8.608875,63255,0,167.80971,139.32436
7712,Folk,6.49163,11.103033,7712,1,98.22893,308.6617
105920,Folk,6.4633927,8.928586,105920,1,96.43321,161.03067
9887,Folk,5.732315,10.431883,9887,1,49.941216,263.0949
27987,Folk,6.336969,10.950351,27987,1,88.39344,298.29556
93712,Folk,6.9120383,9.9036665,93712,1,124.96428,227.2324
65685,Folk,5.3725777,10.146416,65685,1,27.064154,243.71352
105887,Folk,7.7166266,10.571927,105887,2,176.1311,272.60303
38827,Folk,4.9839826,9.246676,38827,1,2.3519201,182.62698
144544,Folk,7.5590377,10.972992,144544,1,166.10942,299.83276
96698,Folk,7.30955,11.265552,96698,1,150.24355,319.6957
10458,Folk,6.6595426,9.310804,10458,1,108.90712,186.98085
11504,Folk,6.5686145,8.912719,11504,1,103.124664,159.95338
107591,Folk,5.5432067,9.413706,107591,1,37.9151,193.96721
87966,Folk,6.236355,9.056032,87966,1,81.99501,169.68346
63456,Folk,6.347057,9.025446,63456,1,89.03497,167.60684
142132,Folk,5.6117754,10.491205,142132,1,42.275642,267.12253
34484,Folk,5.747414,11.487018,34484,1,50.90142,334.7318
1195,Folk,7.1599956,11.713788,1195,1,140.73282,350.12808
116704,Folk,6.4580064,11.050678,116704,1,96.090675,305.10718
91791,Folk,5.467291,10.948474,91791,1,33.087326,298.16815
125196,Folk,8.777972,10.079241,125196,2,243.62608,239.15277
85692,Folk,6.8854256,10.117152,85692,1,123.27187,241.72672
144547,Folk,7.42143,10.493932,144547,1,157.35843,267.30765
189,Folk,6.308754,9.851427,189,1,86.599144,223.68568
11059,Folk,9.058501,8.92392,11059,0,261.46597,160.71385
52955,Folk,5.613382,9.093792,52955,1,42.377804,172.2471
61011,Folk,6.6227956,10.971819,61011,1,106.570244,299.7531
79985,Folk,5.871432,10.618264,79985,1,58.788177,275.74902
15441,Folk,7.9046235,10.8952265,15441,2,188.08653,294.55298
110436,Folk,5.4893875,8.927139,110436,1,34.492535,160.93245
48815,Folk,8.326168,9.084194,48815,0,214.89415,171.59547
122935,Folk,7.8040767,11.4588585,122935,2,181.69238,332.82
145551,Folk,6.8269258,10.310978,145551,1,119.55165,254.88625
68844,Folk,5.699399,9.06201,68844,1,47.847958,170.0893
88874,Folk,7.5360985,11.244291,88874,1,164.65063,318.25226
113949,Folk,6.944139,10.520859,113949,1,127.005684,269.1358
130347,Folk,7.1540985,10.795648,130347,1,140.3578,287.7922
36322,Folk,8.870509,9.797485,36322,2,249.51085,220.02338
118670,Folk,7.3021083,10.72659,118670,1,149.77031,283.10367
53724,Folk,7.979016,8.544554,53724,0,192.81741,134.95734
66187,Folk,6.3888855,9.923603,66187,1,91.695015,228.58597
88870,Folk,9.009445,8.5023575,88870,0,258.3463,132.09248
53726,Folk,8.293099,8.598201,53726,0,212.79118,138.59962
73585,Folk,6.3190937,10.846247,73585,1,87.25669,291.22757
